index,Datetime,Open,High,Low,Close,cont_up,cont_down
92393,2022-05-27 12:00:01,4134.25,4134.5,4134.25,4134.25,4146.653125,4130.153125
92394,2022-05-27 12:00:02,4134.25,4134.25,4133.75,4133.75,4146.653125,4130.153125
92395,2022-05-27 12:00:03,4133.75,4134.0,4133.75,4134.0,4146.653125,4130.153125
92396,2022-05-27 12:00:04,4134.0,4134.25,4133.75,4133.75,4146.653125,4130.153125
92397,2022-05-27 12:00:05,4133.75,4133.75,4133.75,4133.75,4146.653125,4130.153125
92398,2022-05-27 12:00:06,4133.75,4134.0,4133.75,4133.75,4146.653125,4130.153125
92399,2022-05-27 12:00:07,4133.75,4133.75,4133.5,4133.5,4146.653125,4130.153125
92400,2022-05-27 12:00:08,4133.75,4133.75,4133.75,4133.75,4146.653125,4130.153125
92401,2022-05-27 12:00:09,4133.5,4133.75,4133.5,4133.75,4146.653125,4130.153125
92402,2022-05-27 12:00:10,4133.75,4134.25,4133.75,4134.0,4146.653125,4130.153125
92403,2022-05-27 12:00:11,4134.25,4134.5,4134.25,4134.5,4146.653125,4130.153125
92404,2022-05-27 12:00:12,4134.5,4134.75,4134.5,4134.5,4146.653125,4130.153125
92405,2022-05-27 12:00:13,4134.5,4134.5,4134.5,4134.5,4146.653125,4130.153125
92406,2022-05-27 12:00:14,4134.5,4134.75,4134.5,4134.75,4146.653125,4130.153125
92407,2022-05-27 12:00:15,4134.75,4134.75,4134.5,4134.5,4146.653125,4130.153125
92408,2022-05-27 12:00:16,4134.5,4134.5,4134.5,4134.5,4146.653125,4130.153125
92409,2022-05-27 12:00:17,4134.5,4134.5,4134.5,4134.5,4146.653125,4130.153125
92410,2022-05-27 12:00:18,4134.25,4134.25,4134.25,4134.25,4146.653125,4130.153125
92411,2022-05-27 12:00:19,4134.5,4134.5,4134.5,4134.5,4146.653125,4130.153125
92412,2022-05-27 12:00:20,4134.5,4134.5,4134.5,4134.5,4146.653125,4130.153125
92413,2022-05-27 12:00:21,4134.5,4134.5,4134.5,4134.5,4146.653125,4130.153125
92414,2022-05-27 12:00:22,4134.5,4134.5,4134.5,4134.5,4146.653125,4130.153125
92415,2022-05-27 12:00:23,4134.5,4134.75,4134.5,4134.75,4146.653125,4130.153125
92416,2022-05-27 12:00:25,4134.5,4134.5,4134.5,4134.5,4146.653125,4130.153125
92417,2022-05-27 12:00:26,4134.5,4134.5,4134.5,4134.5,4146.653125,4130.153125
92418,2022-05-27 12:00:27,4134.5,4134.5,4134.5,4134.5,4146.653125,4130.153125
92419,2022-05-27 12:00:28,4134.5,4134.5,4134.5,4134.5,4146.653125,4130.153125
92420,2022-05-27 12:00:29,4134.5,4134.5,4134.5,4134.5,4146.653125,4130.153125
92421,2022-05-27 12:00:30,4134.5,4134.5,4134.5,4134.5,4146.653125,4130.153125
92422,2022-05-27 12:00:31,4134.5,4134.5,4134.5,4134.5,4146.653125,4130.153125
92423,2022-05-27 12:00:32,4134.5,4134.5,4134.5,4134.5,4146.653125,4130.153125
92424,2022-05-27 12:00:33,4134.5,4134.5,4134.5,4134.5,4146.653125,4130.153125
92425,2022-05-27 12:00:34,4134.5,4134.5,4134.5,4134.5,4146.653125,4130.153125
92426,2022-05-27 12:00:35,4134.25,4134.5,4134.25,4134.5,4146.653125,4130.153125
92427,2022-05-27 12:00:37,4134.5,4134.5,4134.5,4134.5,4146.653125,4130.153125
92428,2022-05-27 12:00:39,4134.25,4134.25,4133.75,4134.0,4146.653125,4130.153125
92429,2022-05-27 12:00:40,4133.75,4133.75,4133.75,4133.75,4146.653125,4130.153125
92430,2022-05-27 12:00:41,4134.0,4134.0,4134.0,4134.0,4146.653125,4130.153125
92431,2022-05-27 12:00:42,4134.0,4134.0,4134.0,4134.0,4146.653125,4130.153125
92432,2022-05-27 12:00:43,4134.0,4134.0,4133.75,4133.75,4146.653125,4130.153125
92433,2022-05-27 12:00:44,4133.75,4133.75,4133.75,4133.75,4146.653125,4130.153125
92434,2022-05-27 12:00:45,4133.75,4133.75,4133.75,4133.75,4146.653125,4130.153125
92435,2022-05-27 12:00:46,4133.75,4133.75,4133.75,4133.75,4146.653125,4130.153125
92436,2022-05-27 12:00:47,4134.0,4134.0,4134.0,4134.0,4146.653125,4130.153125
92437,2022-05-27 12:00:48,4133.75,4133.75,4133.75,4133.75,4146.653125,4130.153125
92438,2022-05-27 12:00:49,4134.0,4134.0,4134.0,4134.0,4146.653125,4130.153125
92439,2022-05-27 12:00:50,4134.0,4134.0,4134.0,4134.0,4146.653125,4130.153125
92440,2022-05-27 12:00:51,4133.75,4134.0,4133.75,4134.0,4146.653125,4130.153125
92441,2022-05-27 12:00:52,4133.75,4134.0,4133.75,4134.0,4146.653125,4130.153125
92442,2022-05-27 12:00:54,4134.25,4134.25,4134.25,4134.25,4146.653125,4130.153125
92443,2022-05-27 12:00:55,4134.5,4134.5,4134.5,4134.5,4146.653125,4130.153125
92444,2022-05-27 12:00:56,4134.5,4134.5,4134.5,4134.5,4146.653125,4130.153125
92445,2022-05-27 12:00:57,4134.5,4134.5,4134.25,4134.5,4146.653125,4130.153125
92446,2022-05-27 12:00:58,4134.5,4134.5,4134.5,4134.5,4146.653125,4130.153125
92447,2022-05-27 12:00:59,4134.5,4134.5,4134.5,4134.5,4146.653125,4130.153125
92448,2022-05-27 12:01:00,4134.5,4134.5,4134.5,4134.5,4146.653125,4130.153125
92449,2022-05-27 12:01:01,4134.5,4134.75,4134.5,4134.75,4146.653125,4130.153125
92450,2022-05-27 12:01:02,4134.5,4134.75,4134.5,4134.5,4146.653125,4130.153125
92451,2022-05-27 12:01:03,4134.25,4134.5,4134.25,4134.5,4146.653125,4130.153125
92452,2022-05-27 12:01:04,4134.5,4134.5,4134.5,4134.5,4146.925,4130.425
92453,2022-05-27 12:01:05,4134.5,4134.5,4134.5,4134.5,4146.925,4130.425
92454,2022-05-27 12:01:06,4134.75,4134.75,4134.75,4134.75,4146.925,4130.425
92455,2022-05-27 12:01:07,4134.75,4134.75,4134.5,4134.75,4146.925,4130.425
92456,2022-05-27 12:01:08,4134.75,4134.75,4134.5,4134.75,4146.925,4130.425
92457,2022-05-27 12:01:09,4134.75,4134.75,4134.75,4134.75,4146.925,4130.425
92458,2022-05-27 12:01:10,4134.75,4134.75,4134.75,4134.75,4146.925,4130.425
92459,2022-05-27 12:01:11,4135.0,4135.0,4135.0,4135.0,4146.925,4130.425
92460,2022-05-27 12:01:14,4135.0,4135.25,4135.0,4135.25,4146.925,4130.425
92461,2022-05-27 12:01:15,4135.25,4135.25,4135.25,4135.25,4146.925,4130.425
92462,2022-05-27 12:01:16,4135.25,4135.5,4135.25,4135.5,4146.925,4130.425
92463,2022-05-27 12:01:17,4135.5,4135.5,4135.5,4135.5,4146.925,4130.425
92464,2022-05-27 12:01:18,4135.5,4135.5,4135.25,4135.5,4146.925,4130.425
92465,2022-05-27 12:01:19,4135.5,4135.5,4135.5,4135.5,4146.925,4130.425
92466,2022-05-27 12:01:20,4135.25,4135.5,4135.25,4135.5,4146.925,4130.425
92467,2022-05-27 12:01:21,4135.5,4137.75,4135.5,4136.5,4146.925,4130.425
92468,2022-05-27 12:01:22,4136.5,4136.75,4136.0,4136.5,4146.925,4130.425
92469,2022-05-27 12:01:23,4136.5,4136.75,4136.0,4136.25,4146.925,4130.425
92470,2022-05-27 12:01:24,4136.25,4136.5,4136.25,4136.25,4146.925,4130.425
92471,2022-05-27 12:01:25,4136.5,4136.5,4136.5,4136.5,4146.925,4130.425
92472,2022-05-27 12:01:26,4136.25,4136.5,4136.25,4136.5,4146.925,4130.425
92473,2022-05-27 12:01:27,4136.5,4136.5,4136.25,4136.25,4146.925,4130.425
92474,2022-05-27 12:01:28,4136.5,4136.5,4136.25,4136.25,4146.925,4130.425
92475,2022-05-27 12:01:29,4136.25,4136.5,4136.25,4136.5,4146.925,4130.425
92476,2022-05-27 12:01:30,4136.25,4136.5,4136.25,4136.5,4146.925,4130.425
92477,2022-05-27 12:01:31,4136.5,4136.5,4136.25,4136.5,4146.925,4130.425
92478,2022-05-27 12:01:32,4136.5,4136.75,4136.5,4136.5,4146.925,4130.425
92479,2022-05-27 12:01:33,4136.5,4136.5,4136.25,4136.5,4146.925,4130.425
92480,2022-05-27 12:01:34,4136.5,4136.5,4136.25,4136.5,4146.925,4130.425
92481,2022-05-27 12:01:35,4136.25,4136.5,4136.25,4136.25,4146.925,4130.425
92482,2022-05-27 12:01:36,4136.5,4136.5,4136.25,4136.5,4146.925,4130.425
92483,2022-05-27 12:01:37,4136.25,4136.5,4136.25,4136.5,4146.925,4130.425
92484,2022-05-27 12:01:38,4136.25,4136.25,4136.25,4136.25,4146.925,4130.425
92485,2022-05-27 12:01:39,4136.25,4136.5,4136.25,4136.25,4146.925,4130.425
92486,2022-05-27 12:01:40,4136.0,4136.0,4136.0,4136.0,4146.925,4130.425
92487,2022-05-27 12:01:41,4136.25,4136.25,4136.0,4136.0,4146.925,4130.425
92488,2022-05-27 12:01:42,4136.25,4136.25,4136.0,4136.0,4146.925,4130.425
92489,2022-05-27 12:01:43,4136.25,4136.25,4136.0,4136.0,4146.925,4130.425
92490,2022-05-27 12:01:44,4136.25,4136.25,4136.25,4136.25,4146.925,4130.425
92491,2022-05-27 12:01:45,4136.25,4136.25,4136.0,4136.0,4146.925,4130.425
92492,2022-05-27 12:01:46,4135.75,4135.75,4135.5,4135.5,4146.925,4130.425
92493,2022-05-27 12:01:47,4135.5,4135.75,4135.5,4135.5,4146.925,4130.425
92494,2022-05-27 12:01:48,4135.75,4135.75,4135.25,4135.25,4146.925,4130.425
92495,2022-05-27 12:01:49,4135.25,4135.5,4135.25,4135.25,4146.925,4130.425
92496,2022-05-27 12:01:50,4135.5,4135.5,4135.5,4135.5,4146.925,4130.425
92497,2022-05-27 12:01:51,4135.5,4135.5,4135.5,4135.5,4146.925,4130.425
92498,2022-05-27 12:01:52,4135.25,4135.25,4135.0,4135.0,4146.925,4130.425
92499,2022-05-27 12:01:53,4135.25,4135.25,4135.25,4135.25,4146.925,4130.425
92500,2022-05-27 12:01:54,4135.25,4135.25,4135.0,4135.25,4146.925,4130.425
92501,2022-05-27 12:01:55,4135.0,4135.0,4134.75,4135.0,4146.925,4130.425
92502,2022-05-27 12:01:56,4134.75,4135.0,4134.75,4134.75,4146.925,4130.425
92503,2022-05-27 12:01:57,4134.75,4135.25,4134.75,4135.0,4146.925,4130.425
92504,2022-05-27 12:01:58,4135.25,4135.25,4135.25,4135.25,4146.925,4130.425
92505,2022-05-27 12:01:59,4135.25,4135.5,4135.0,4135.0,4146.925,4130.425
92506,2022-05-27 12:02:01,4135.25,4135.25,4134.75,4135.0,4146.925,4130.425
92507,2022-05-27 12:02:02,4135.0,4135.0,4135.0,4135.0,4146.925,4130.425
92508,2022-05-27 12:02:03,4135.25,4135.25,4135.0,4135.0,4146.925,4130.425
92509,2022-05-27 12:02:04,4135.0,4135.0,4135.0,4135.0,4146.925,4130.425
92510,2022-05-27 12:02:05,4135.25,4135.5,4135.25,4135.25,4146.925,4130.425
92511,2022-05-27 12:02:06,4135.5,4135.5,4135.25,4135.5,4146.925,4130.425
92512,2022-05-27 12:02:07,4135.25,4135.25,4135.0,4135.0,4147.196875,4130.696875
92513,2022-05-27 12:02:08,4135.0,4135.0,4134.75,4135.0,4147.196875,4130.696875
92514,2022-05-27 12:02:09,4135.0,4135.0,4134.75,4134.75,4147.196875,4130.696875
92515,2022-05-27 12:02:10,4134.75,4135.25,4134.75,4134.75,4147.196875,4130.696875
92516,2022-05-27 12:02:11,4134.75,4134.75,4134.75,4134.75,4147.196875,4130.696875
92517,2022-05-27 12:02:12,4134.75,4134.75,4134.75,4134.75,4147.196875,4130.696875
92518,2022-05-27 12:02:13,4134.75,4134.75,4134.75,4134.75,4147.196875,4130.696875
92519,2022-05-27 12:02:14,4135.0,4135.0,4135.0,4135.0,4147.196875,4130.696875
92520,2022-05-27 12:02:15,4134.75,4134.75,4134.5,4134.5,4147.196875,4130.696875
92521,2022-05-27 12:02:16,4134.75,4134.75,4134.75,4134.75,4147.196875,4130.696875
92522,2022-05-27 12:02:17,4134.75,4134.75,4134.75,4134.75,4147.196875,4130.696875
92523,2022-05-27 12:02:18,4134.75,4134.75,4134.75,4134.75,4147.196875,4130.696875
92524,2022-05-27 12:02:19,4135.0,4135.0,4135.0,4135.0,4147.196875,4130.696875
92525,2022-05-27 12:02:20,4134.75,4134.75,4134.75,4134.75,4147.196875,4130.696875
92526,2022-05-27 12:02:21,4135.0,4135.0,4134.5,4134.5,4147.196875,4130.696875
92527,2022-05-27 12:02:22,4134.75,4134.75,4134.75,4134.75,4147.196875,4130.696875
92528,2022-05-27 12:02:23,4134.75,4134.75,4134.75,4134.75,4147.196875,4130.696875
92529,2022-05-27 12:02:24,4134.75,4134.75,4134.75,4134.75,4147.196875,4130.696875
92530,2022-05-27 12:02:25,4134.5,4134.5,4134.5,4134.5,4147.196875,4130.696875
92531,2022-05-27 12:02:26,4134.5,4134.5,4134.25,4134.25,4147.196875,4130.696875
92532,2022-05-27 12:02:27,4134.25,4134.25,4134.0,4134.0,4147.196875,4130.696875
92533,2022-05-27 12:02:28,4134.0,4134.0,4133.75,4133.75,4147.196875,4130.696875
92534,2022-05-27 12:02:29,4134.0,4134.0,4133.75,4134.0,4147.196875,4130.696875
92535,2022-05-27 12:02:30,4133.75,4134.0,4133.75,4133.75,4147.196875,4130.696875
92536,2022-05-27 12:02:31,4133.75,4133.75,4133.25,4133.5,4147.196875,4130.696875
92537,2022-05-27 12:02:32,4133.25,4134.0,4133.25,4134.0,4147.196875,4130.696875
92538,2022-05-27 12:02:33,4134.0,4134.0,4134.0,4134.0,4147.196875,4130.696875
92539,2022-05-27 12:02:34,4134.0,4134.25,4133.75,4134.0,4147.196875,4130.696875
92540,2022-05-27 12:02:35,4134.0,4134.25,4134.0,4134.0,4147.196875,4130.696875
92541,2022-05-27 12:02:36,4134.25,4134.5,4134.25,4134.5,4147.196875,4130.696875
92542,2022-05-27 12:02:37,4134.5,4134.5,4134.0,4134.0,4147.196875,4130.696875
92543,2022-05-27 12:02:39,4134.0,4134.0,4133.25,4133.25,4147.196875,4130.696875
92544,2022-05-27 12:02:40,4133.5,4133.5,4133.25,4133.25,4147.196875,4130.696875
92545,2022-05-27 12:02:41,4133.25,4133.5,4133.25,4133.5,4147.196875,4130.696875
92546,2022-05-27 12:02:42,4133.5,4133.5,4133.25,4133.25,4147.196875,4130.696875
92547,2022-05-27 12:02:43,4133.25,4133.75,4133.25,4133.75,4147.196875,4130.696875
92548,2022-05-27 12:02:44,4133.75,4134.0,4133.75,4134.0,4147.196875,4130.696875
92549,2022-05-27 12:02:45,4133.75,4133.75,4133.75,4133.75,4147.196875,4130.696875
92550,2022-05-27 12:02:46,4134.0,4134.0,4133.75,4133.75,4147.196875,4130.696875
92551,2022-05-27 12:02:47,4133.5,4133.5,4133.5,4133.5,4147.196875,4130.696875
92552,2022-05-27 12:02:48,4133.75,4133.75,4133.75,4133.75,4147.196875,4130.696875
92553,2022-05-27 12:02:49,4134.0,4134.0,4133.75,4134.0,4147.196875,4130.696875
92554,2022-05-27 12:02:50,4134.0,4134.0,4134.0,4134.0,4147.196875,4130.696875
92555,2022-05-27 12:02:51,4133.75,4133.75,4133.75,4133.75,4147.196875,4130.696875
92556,2022-05-27 12:02:52,4133.5,4133.5,4133.25,4133.5,4147.196875,4130.696875
92557,2022-05-27 12:02:53,4133.5,4133.5,4133.25,4133.25,4147.196875,4130.696875
92558,2022-05-27 12:02:54,4133.5,4133.5,4133.0,4133.5,4147.196875,4130.696875
92559,2022-05-27 12:02:55,4133.5,4133.5,4133.25,4133.25,4147.196875,4130.696875
92560,2022-05-27 12:02:56,4133.5,4133.5,4133.25,4133.25,4147.196875,4130.696875
92561,2022-05-27 12:02:57,4133.5,4133.5,4133.5,4133.5,4147.196875,4130.696875
92562,2022-05-27 12:02:58,4133.5,4133.5,4133.25,4133.25,4147.196875,4130.696875
92563,2022-05-27 12:02:59,4133.25,4133.25,4133.25,4133.25,4147.196875,4130.696875
92564,2022-05-27 12:03:00,4133.5,4133.5,4133.25,4133.5,4147.196875,4130.696875
92565,2022-05-27 12:03:01,4133.25,4133.5,4133.25,4133.5,4147.196875,4130.696875
92566,2022-05-27 12:03:02,4133.5,4133.75,4133.25,4133.25,4147.196875,4130.696875
92567,2022-05-27 12:03:03,4133.25,4133.5,4133.25,4133.25,4147.196875,4130.696875
92568,2022-05-27 12:03:04,4133.5,4133.5,4133.5,4133.5,4147.196875,4130.696875
92569,2022-05-27 12:03:05,4133.75,4134.0,4133.75,4134.0,4147.196875,4130.696875
92570,2022-05-27 12:03:06,4134.0,4134.0,4134.0,4134.0,4147.196875,4130.696875
92571,2022-05-27 12:03:07,4134.0,4134.0,4134.0,4134.0,4147.196875,4130.696875
92572,2022-05-27 12:03:08,4134.0,4134.0,4134.0,4134.0,4147.46875,4130.96875
92573,2022-05-27 12:03:09,4134.0,4134.0,4134.0,4134.0,4147.46875,4130.96875
92574,2022-05-27 12:03:10,4134.0,4134.0,4134.0,4134.0,4147.46875,4130.96875
92575,2022-05-27 12:03:11,4133.75,4134.0,4133.75,4133.75,4147.46875,4130.96875
92576,2022-05-27 12:03:12,4133.75,4133.75,4133.75,4133.75,4147.46875,4130.96875
92577,2022-05-27 12:03:13,4134.0,4134.25,4134.0,4134.25,4147.46875,4130.96875
92578,2022-05-27 12:03:14,4134.25,4134.25,4134.0,4134.0,4147.46875,4130.96875
92579,2022-05-27 12:03:15,4134.0,4134.0,4134.0,4134.0,4147.46875,4130.96875
92580,2022-05-27 12:03:16,4134.0,4134.0,4133.75,4133.75,4147.46875,4130.96875
92581,2022-05-27 12:03:17,4133.75,4133.75,4133.75,4133.75,4147.46875,4130.96875
92582,2022-05-27 12:03:18,4133.75,4133.75,4133.5,4133.5,4147.46875,4130.96875
92583,2022-05-27 12:03:19,4133.75,4133.75,4133.75,4133.75,4147.46875,4130.96875
92584,2022-05-27 12:03:20,4133.75,4133.75,4133.75,4133.75,4147.46875,4130.96875
92585,2022-05-27 12:03:21,4134.0,4134.0,4133.75,4134.0,4147.46875,4130.96875
92586,2022-05-27 12:03:22,4134.0,4134.0,4134.0,4134.0,4147.46875,4130.96875
92587,2022-05-27 12:03:23,4134.0,4134.0,4134.0,4134.0,4147.46875,4130.96875
92588,2022-05-27 12:03:24,4134.0,4134.0,4134.0,4134.0,4147.46875,4130.96875
92589,2022-05-27 12:03:25,4134.25,4134.25,4134.25,4134.25,4147.46875,4130.96875
92590,2022-05-27 12:03:26,4134.0,4134.0,4134.0,4134.0,4147.46875,4130.96875
92591,2022-05-27 12:03:27,4134.25,4134.5,4134.25,4134.5,4147.46875,4130.96875
92592,2022-05-27 12:03:28,4134.5,4134.75,4134.25,4134.5,4147.46875,4130.96875
92593,2022-05-27 12:03:29,4134.5,4134.5,4134.25,4134.5,4147.46875,4130.96875
92594,2022-05-27 12:03:30,4134.5,4134.75,4134.5,4134.75,4147.46875,4130.96875
92595,2022-05-27 12:03:31,4134.75,4135.0,4134.5,4135.0,4147.46875,4130.96875
92596,2022-05-27 12:03:32,4134.75,4135.0,4134.75,4134.75,4147.46875,4130.96875
92597,2022-05-27 12:03:33,4135.0,4135.0,4134.75,4134.75,4147.46875,4130.96875
92598,2022-05-27 12:03:35,4135.0,4135.0,4135.0,4135.0,4147.46875,4130.96875
92599,2022-05-27 12:03:36,4135.0,4135.0,4135.0,4135.0,4147.46875,4130.96875
92600,2022-05-27 12:03:37,4135.0,4135.25,4135.0,4135.25,4147.46875,4130.96875
92601,2022-05-27 12:03:38,4135.25,4135.25,4135.0,4135.25,4147.46875,4130.96875
92602,2022-05-27 12:03:39,4135.25,4135.25,4135.25,4135.25,4147.46875,4130.96875
92603,2022-05-27 12:03:40,4135.0,4135.25,4135.0,4135.0,4147.46875,4130.96875
92604,2022-05-27 12:03:41,4135.25,4135.25,4135.0,4135.0,4147.46875,4130.96875
92605,2022-05-27 12:03:42,4135.25,4135.25,4135.0,4135.0,4147.46875,4130.96875
92606,2022-05-27 12:03:43,4135.25,4135.25,4135.0,4135.25,4147.46875,4130.96875
92607,2022-05-27 12:03:44,4135.25,4135.25,4135.25,4135.25,4147.46875,4130.96875
92608,2022-05-27 12:03:45,4135.5,4135.5,4135.5,4135.5,4147.46875,4130.96875
92609,2022-05-27 12:03:46,4135.5,4135.5,4135.0,4135.0,4147.46875,4130.96875
92610,2022-05-27 12:03:47,4135.25,4135.25,4135.25,4135.25,4147.46875,4130.96875
92611,2022-05-27 12:03:48,4135.25,4135.25,4135.25,4135.25,4147.46875,4130.96875
92612,2022-05-27 12:03:49,4135.0,4135.25,4135.0,4135.25,4147.46875,4130.96875
92613,2022-05-27 12:03:50,4135.5,4135.5,4135.5,4135.5,4147.46875,4130.96875
92614,2022-05-27 12:03:51,4135.5,4135.75,4135.5,4135.5,4147.46875,4130.96875
92615,2022-05-27 12:03:52,4135.75,4135.75,4135.5,4135.5,4147.46875,4130.96875
92616,2022-05-27 12:03:53,4135.75,4135.75,4135.5,4135.75,4147.46875,4130.96875
92617,2022-05-27 12:03:54,4135.75,4135.75,4135.5,4135.5,4147.46875,4130.96875
92618,2022-05-27 12:03:55,4135.75,4135.75,4135.75,4135.75,4147.46875,4130.96875
92619,2022-05-27 12:03:56,4135.75,4135.75,4135.5,4135.5,4147.46875,4130.96875
92620,2022-05-27 12:03:57,4135.5,4135.5,4135.25,4135.5,4147.46875,4130.96875
92621,2022-05-27 12:03:58,4135.5,4135.75,4135.5,4135.75,4147.46875,4130.96875
92622,2022-05-27 12:03:59,4135.75,4136.0,4135.75,4136.0,4147.46875,4130.96875
92623,2022-05-27 12:04:00,4135.75,4136.0,4135.75,4136.0,4147.46875,4130.96875
92624,2022-05-27 12:04:01,4136.0,4136.0,4135.75,4135.75,4147.46875,4130.96875
92625,2022-05-27 12:04:02,4136.0,4136.25,4136.0,4136.25,4147.46875,4130.96875
92626,2022-05-27 12:04:03,4136.25,4136.25,4136.0,4136.25,4147.46875,4130.96875
92627,2022-05-27 12:04:04,4136.5,4136.5,4136.25,4136.25,4147.46875,4130.96875
92628,2022-05-27 12:04:05,4136.5,4136.5,4136.5,4136.5,4147.46875,4130.96875
92629,2022-05-27 12:04:06,4136.5,4136.5,4136.5,4136.5,4147.46875,4130.96875
92630,2022-05-27 12:04:07,4136.5,4136.75,4136.5,4136.5,4147.46875,4130.96875
92631,2022-05-27 12:04:08,4136.5,4136.75,4136.5,4136.75,4147.46875,4130.96875
92632,2022-05-27 12:04:09,4136.5,4136.75,4136.5,4136.75,4147.740624999999,4131.240624999999
92633,2022-05-27 12:04:10,4136.75,4137.0,4136.75,4136.75,4147.740624999999,4131.240624999999
92634,2022-05-27 12:04:11,4137.0,4137.25,4136.75,4137.0,4147.740624999999,4131.240624999999
92635,2022-05-27 12:04:12,4137.0,4137.25,4137.0,4137.0,4147.740624999999,4131.240624999999
92636,2022-05-27 12:04:13,4137.0,4137.0,4137.0,4137.0,4147.740624999999,4131.240624999999
92637,2022-05-27 12:04:14,4137.0,4137.0,4136.75,4137.0,4147.740624999999,4131.240624999999
92638,2022-05-27 12:04:15,4137.0,4137.25,4137.0,4137.0,4147.740624999999,4131.240624999999
92639,2022-05-27 12:04:16,4137.0,4137.0,4137.0,4137.0,4147.740624999999,4131.240624999999
92640,2022-05-27 12:04:17,4137.0,4137.0,4137.0,4137.0,4147.740624999999,4131.240624999999
92641,2022-05-27 12:04:18,4137.25,4137.25,4137.0,4137.0,4147.740624999999,4131.240624999999
92642,2022-05-27 12:04:19,4137.25,4137.25,4136.75,4136.75,4147.740624999999,4131.240624999999
92643,2022-05-27 12:04:20,4137.0,4137.0,4137.0,4137.0,4147.740624999999,4131.240624999999
92644,2022-05-27 12:04:21,4137.0,4137.0,4136.25,4136.5,4147.740624999999,4131.240624999999
92645,2022-05-27 12:04:22,4136.25,4136.5,4136.25,4136.5,4147.740624999999,4131.240624999999
92646,2022-05-27 12:04:23,4136.5,4136.5,4136.0,4136.0,4147.740624999999,4131.240624999999
92647,2022-05-27 12:04:24,4136.0,4136.25,4136.0,4136.25,4147.740624999999,4131.240624999999
92648,2022-05-27 12:04:25,4136.0,4136.5,4136.0,4136.5,4147.740624999999,4131.240624999999
92649,2022-05-27 12:04:26,4136.5,4136.75,4136.5,4136.75,4147.740624999999,4131.240624999999
92650,2022-05-27 12:04:27,4136.5,4136.5,4136.5,4136.5,4147.740624999999,4131.240624999999
92651,2022-05-27 12:04:28,4136.75,4136.75,4136.75,4136.75,4147.740624999999,4131.240624999999
92652,2022-05-27 12:04:29,4137.0,4137.0,4137.0,4137.0,4147.740624999999,4131.240624999999
92653,2022-05-27 12:04:30,4137.0,4137.25,4137.0,4137.25,4147.740624999999,4131.240624999999
92654,2022-05-27 12:04:31,4137.25,4137.5,4137.25,4137.25,4147.740624999999,4131.240624999999
92655,2022-05-27 12:04:32,4137.25,4137.25,4137.25,4137.25,4147.740624999999,4131.240624999999
92656,2022-05-27 12:04:33,4137.5,4137.5,4137.5,4137.5,4147.740624999999,4131.240624999999
92657,2022-05-27 12:04:34,4137.5,4137.5,4137.5,4137.5,4147.740624999999,4131.240624999999
92658,2022-05-27 12:04:35,4137.25,4137.5,4137.25,4137.5,4147.740624999999,4131.240624999999
92659,2022-05-27 12:04:36,4137.5,4137.5,4137.0,4137.0,4147.740624999999,4131.240624999999
92660,2022-05-27 12:04:37,4137.0,4137.0,4136.75,4137.0,4147.740624999999,4131.240624999999
92661,2022-05-27 12:04:38,4137.0,4137.25,4137.0,4137.25,4147.740624999999,4131.240624999999
92662,2022-05-27 12:04:39,4137.25,4137.25,4137.25,4137.25,4147.740624999999,4131.240624999999
92663,2022-05-27 12:04:40,4137.0,4137.25,4137.0,4137.25,4147.740624999999,4131.240624999999
92664,2022-05-27 12:04:41,4137.25,4137.25,4137.25,4137.25,4147.740624999999,4131.240624999999
92665,2022-05-27 12:04:42,4137.0,4137.0,4137.0,4137.0,4147.740624999999,4131.240624999999
92666,2022-05-27 12:04:43,4137.25,4137.5,4137.0,4137.5,4147.740624999999,4131.240624999999
92667,2022-05-27 12:04:44,4137.5,4137.5,4137.5,4137.5,4147.740624999999,4131.240624999999
92668,2022-05-27 12:04:45,4137.5,4137.5,4137.5,4137.5,4147.740624999999,4131.240624999999
92669,2022-05-27 12:04:46,4137.25,4137.5,4136.75,4136.75,4147.740624999999,4131.240624999999
92670,2022-05-27 12:04:47,4137.0,4137.0,4137.0,4137.0,4147.740624999999,4131.240624999999
92671,2022-05-27 12:04:48,4137.0,4137.0,4137.0,4137.0,4147.740624999999,4131.240624999999
92672,2022-05-27 12:04:49,4137.25,4137.25,4137.0,4137.0,4147.740624999999,4131.240624999999
92673,2022-05-27 12:04:50,4137.25,4137.25,4137.25,4137.25,4147.740624999999,4131.240624999999
92674,2022-05-27 12:04:51,4137.25,4137.25,4137.0,4137.25,4147.740624999999,4131.240624999999
92675,2022-05-27 12:04:52,4137.25,4137.25,4137.25,4137.25,4147.740624999999,4131.240624999999
92676,2022-05-27 12:04:53,4137.0,4137.25,4136.75,4137.25,4147.740624999999,4131.240624999999
92677,2022-05-27 12:04:54,4137.25,4137.5,4137.25,4137.5,4147.740624999999,4131.240624999999
92678,2022-05-27 12:04:55,4137.25,4137.25,4137.25,4137.25,4147.740624999999,4131.240624999999
92679,2022-05-27 12:04:56,4137.25,4137.5,4137.25,4137.5,4147.740624999999,4131.240624999999
92680,2022-05-27 12:04:57,4137.5,4137.5,4137.25,4137.5,4147.740624999999,4131.240624999999
92681,2022-05-27 12:04:58,4137.25,4137.5,4137.25,4137.5,4147.740624999999,4131.240624999999
92682,2022-05-27 12:04:59,4137.5,4137.5,4137.5,4137.5,4147.740624999999,4131.240624999999
92683,2022-05-27 12:05:00,4137.5,4137.5,4137.25,4137.5,4147.740624999999,4131.240624999999
92684,2022-05-27 12:05:01,4137.25,4137.75,4137.25,4137.5,4147.740624999999,4131.240624999999
92685,2022-05-27 12:05:02,4137.25,4137.5,4137.25,4137.5,4147.740624999999,4131.240624999999
92686,2022-05-27 12:05:03,4137.5,4137.5,4137.25,4137.25,4147.740624999999,4131.240624999999
92687,2022-05-27 12:05:04,4137.5,4137.75,4137.5,4137.5,4147.740624999999,4131.240624999999
92688,2022-05-27 12:05:05,4137.5,4137.75,4137.5,4137.75,4147.740624999999,4131.240624999999
92689,2022-05-27 12:05:07,4137.5,4137.75,4137.5,4137.75,4147.740624999999,4131.240624999999
92690,2022-05-27 12:05:08,4137.5,4137.75,4137.25,4137.5,4147.740624999999,4131.240624999999
92691,2022-05-27 12:05:09,4137.25,4137.25,4137.0,4137.0,4147.740624999999,4131.240624999999
92692,2022-05-27 12:05:10,4137.25,4137.25,4137.25,4137.25,4148.0125,4131.5125
92693,2022-05-27 12:05:11,4137.25,4137.5,4137.25,4137.25,4148.0125,4131.5125
92694,2022-05-27 12:05:12,4137.25,4137.5,4137.0,4137.0,4148.0125,4131.5125
92695,2022-05-27 12:05:13,4137.25,4137.25,4137.0,4137.0,4148.0125,4131.5125
92696,2022-05-27 12:05:14,4137.25,4137.25,4137.0,4137.25,4148.0125,4131.5125
92697,2022-05-27 12:05:15,4137.25,4137.5,4137.25,4137.25,4148.0125,4131.5125
92698,2022-05-27 12:05:16,4137.5,4137.5,4137.5,4137.5,4148.0125,4131.5125
92699,2022-05-27 12:05:17,4137.75,4137.75,4137.5,4137.5,4148.0125,4131.5125
92700,2022-05-27 12:05:18,4137.5,4137.5,4137.5,4137.5,4148.0125,4131.5125
92701,2022-05-27 12:05:19,4137.75,4137.75,4137.5,4137.5,4148.0125,4131.5125
92702,2022-05-27 12:05:20,4137.5,4137.5,4137.5,4137.5,4148.0125,4131.5125
92703,2022-05-27 12:05:21,4137.5,4137.75,4137.25,4137.75,4148.0125,4131.5125
92704,2022-05-27 12:05:22,4137.5,4137.5,4137.5,4137.5,4148.0125,4131.5125
92705,2022-05-27 12:05:23,4137.5,4137.75,4137.5,4137.75,4148.0125,4131.5125
92706,2022-05-27 12:05:24,4137.75,4137.75,4137.75,4137.75,4148.0125,4131.5125
92707,2022-05-27 12:05:25,4137.75,4137.75,4137.5,4137.75,4148.0125,4131.5125
92708,2022-05-27 12:05:26,4137.75,4138.0,4137.5,4138.0,4148.0125,4131.5125
92709,2022-05-27 12:05:27,4138.0,4138.25,4138.0,4138.25,4148.0125,4131.5125
92710,2022-05-27 12:05:28,4138.0,4138.25,4138.0,4138.0,4148.0125,4131.5125
92711,2022-05-27 12:05:29,4138.0,4140.75,4138.0,4139.25,4148.0125,4131.5125
92712,2022-05-27 12:05:30,4139.5,4139.5,4139.0,4139.25,4148.0125,4131.5125
92713,2022-05-27 12:05:31,4139.25,4139.25,4139.0,4139.25,4148.0125,4131.5125
92714,2022-05-27 12:05:32,4139.0,4139.25,4139.0,4139.25,4148.0125,4131.5125
92715,2022-05-27 12:05:33,4139.25,4139.75,4139.0,4139.5,4148.0125,4131.5125
92716,2022-05-27 12:05:34,4139.5,4139.75,4139.25,4139.5,4148.0125,4131.5125
92717,2022-05-27 12:05:35,4139.5,4139.5,4139.25,4139.25,4148.0125,4131.5125
92718,2022-05-27 12:05:36,4139.5,4139.5,4139.25,4139.25,4148.0125,4131.5125
92719,2022-05-27 12:05:37,4139.5,4139.75,4139.5,4139.75,4148.0125,4131.5125
92720,2022-05-27 12:05:38,4139.75,4139.75,4139.5,4139.75,4148.0125,4131.5125
92721,2022-05-27 12:05:39,4139.75,4139.75,4139.5,4139.5,4148.0125,4131.5125
92722,2022-05-27 12:05:40,4139.75,4139.75,4139.75,4139.75,4148.0125,4131.5125
92723,2022-05-27 12:05:41,4139.75,4139.75,4139.25,4139.5,4148.0125,4131.5125
92724,2022-05-27 12:05:42,4139.5,4139.5,4139.0,4139.5,4148.0125,4131.5125
92725,2022-05-27 12:05:43,4139.25,4139.5,4139.25,4139.5,4148.0125,4131.5125
92726,2022-05-27 12:05:44,4139.5,4139.75,4139.25,4139.5,4148.0125,4131.5125
92727,2022-05-27 12:05:45,4139.25,4139.5,4139.25,4139.5,4148.0125,4131.5125
92728,2022-05-27 12:05:46,4139.5,4139.5,4139.25,4139.5,4148.0125,4131.5125
92729,2022-05-27 12:05:47,4139.5,4139.75,4139.25,4139.5,4148.0125,4131.5125
92730,2022-05-27 12:05:48,4139.5,4139.5,4139.0,4139.0,4148.0125,4131.5125
92731,2022-05-27 12:05:49,4139.0,4139.25,4139.0,4139.25,4148.0125,4131.5125
92732,2022-05-27 12:05:50,4139.25,4139.25,4139.0,4139.25,4148.0125,4131.5125
92733,2022-05-27 12:05:51,4139.5,4139.5,4139.5,4139.5,4148.0125,4131.5125
92734,2022-05-27 12:05:52,4139.25,4139.5,4139.25,4139.5,4148.0125,4131.5125
92735,2022-05-27 12:05:53,4139.5,4139.5,4139.5,4139.5,4148.0125,4131.5125
92736,2022-05-27 12:05:54,4139.75,4140.0,4139.75,4140.0,4148.0125,4131.5125
92737,2022-05-27 12:05:55,4140.0,4140.75,4139.75,4140.25,4148.0125,4131.5125
92738,2022-05-27 12:05:56,4140.25,4140.25,4139.75,4140.0,4148.0125,4131.5125
92739,2022-05-27 12:05:57,4140.0,4140.5,4140.0,4140.25,4148.0125,4131.5125
92740,2022-05-27 12:05:58,4140.25,4140.75,4140.25,4140.25,4148.0125,4131.5125
92741,2022-05-27 12:05:59,4140.5,4140.5,4140.25,4140.5,4148.0125,4131.5125
92742,2022-05-27 12:06:00,4140.5,4140.75,4140.25,4140.25,4148.0125,4131.5125
92743,2022-05-27 12:06:01,4140.5,4140.5,4140.25,4140.5,4148.0125,4131.5125
92744,2022-05-27 12:06:02,4140.5,4140.75,4140.5,4140.75,4148.0125,4131.5125
92745,2022-05-27 12:06:03,4140.5,4141.0,4140.5,4141.0,4148.0125,4131.5125
92746,2022-05-27 12:06:04,4140.75,4141.25,4140.25,4140.5,4148.0125,4131.5125
92747,2022-05-27 12:06:05,4140.5,4141.0,4140.5,4141.0,4148.0125,4131.5125
92748,2022-05-27 12:06:06,4141.0,4141.0,4140.75,4141.0,4148.0125,4131.5125
92749,2022-05-27 12:06:07,4141.25,4141.25,4141.0,4141.0,4148.0125,4131.5125
92750,2022-05-27 12:06:08,4141.0,4141.25,4141.0,4141.25,4148.0125,4131.5125
92751,2022-05-27 12:06:09,4141.0,4141.25,4141.0,4141.0,4148.0125,4131.5125
92752,2022-05-27 12:06:10,4141.25,4141.25,4140.75,4140.75,4148.284375,4131.784375
92753,2022-05-27 12:06:11,4141.0,4141.0,4140.75,4141.0,4148.284375,4131.784375
92754,2022-05-27 12:06:12,4141.0,4141.0,4141.0,4141.0,4148.284375,4131.784375
92755,2022-05-27 12:06:13,4141.0,4141.25,4141.0,4141.25,4148.284375,4131.784375
92756,2022-05-27 12:06:14,4141.25,4141.5,4141.0,4141.25,4148.284375,4131.784375
92757,2022-05-27 12:06:15,4141.25,4141.5,4141.25,4141.5,4148.284375,4131.784375
92758,2022-05-27 12:06:16,4141.5,4141.75,4141.25,4141.5,4148.284375,4131.784375
92759,2022-05-27 12:06:17,4141.5,4141.75,4141.0,4141.0,4148.284375,4131.784375
92760,2022-05-27 12:06:18,4141.25,4141.75,4141.25,4141.5,4148.284375,4131.784375
92761,2022-05-27 12:06:19,4141.5,4141.5,4141.25,4141.25,4148.284375,4131.784375
92762,2022-05-27 12:06:20,4141.25,4141.5,4141.25,4141.5,4148.284375,4131.784375
92763,2022-05-27 12:06:21,4141.75,4141.75,4141.5,4141.75,4148.284375,4131.784375
92764,2022-05-27 12:06:22,4141.75,4142.25,4141.5,4141.75,4148.284375,4131.784375
92765,2022-05-27 12:06:23,4141.75,4142.0,4141.5,4141.75,4148.284375,4131.784375
92766,2022-05-27 12:06:24,4141.75,4142.0,4141.5,4141.5,4148.284375,4131.784375
92767,2022-05-27 12:06:25,4141.75,4141.75,4141.5,4141.75,4148.284375,4131.784375
92768,2022-05-27 12:06:26,4141.75,4142.0,4141.5,4141.5,4148.284375,4131.784375
92769,2022-05-27 12:06:27,4141.5,4141.75,4141.25,4141.25,4148.284375,4131.784375
92770,2022-05-27 12:06:28,4141.25,4141.5,4141.0,4141.0,4148.284375,4131.784375
92771,2022-05-27 12:06:29,4141.0,4141.5,4141.0,4141.5,4148.284375,4131.784375
92772,2022-05-27 12:06:30,4141.5,4141.5,4141.25,4141.5,4148.284375,4131.784375
92773,2022-05-27 12:06:31,4141.5,4141.75,4141.5,4141.75,4148.284375,4131.784375
92774,2022-05-27 12:06:32,4141.5,4141.5,4141.25,4141.25,4148.284375,4131.784375
92775,2022-05-27 12:06:33,4141.25,4141.25,4141.0,4141.0,4148.284375,4131.784375
92776,2022-05-27 12:06:34,4141.25,4141.25,4141.0,4141.25,4148.284375,4131.784375
92777,2022-05-27 12:06:35,4141.25,4141.25,4141.0,4141.25,4148.284375,4131.784375
92778,2022-05-27 12:06:36,4141.25,4141.5,4141.25,4141.5,4148.284375,4131.784375
92779,2022-05-27 12:06:37,4141.25,4141.5,4141.25,4141.5,4148.284375,4131.784375
92780,2022-05-27 12:06:38,4141.5,4141.5,4141.0,4141.0,4148.284375,4131.784375
92781,2022-05-27 12:06:39,4141.0,4141.0,4141.0,4141.0,4148.284375,4131.784375
92782,2022-05-27 12:06:40,4141.0,4141.0,4140.75,4140.75,4148.284375,4131.784375
92783,2022-05-27 12:06:41,4140.75,4141.0,4140.75,4141.0,4148.284375,4131.784375
92784,2022-05-27 12:06:42,4141.0,4141.25,4141.0,4141.0,4148.284375,4131.784375
92785,2022-05-27 12:06:43,4141.0,4141.0,4140.75,4141.0,4148.284375,4131.784375
92786,2022-05-27 12:06:44,4141.0,4141.0,4140.75,4140.75,4148.284375,4131.784375
92787,2022-05-27 12:06:45,4140.75,4141.0,4140.75,4141.0,4148.284375,4131.784375
92788,2022-05-27 12:06:46,4140.75,4140.75,4140.75,4140.75,4148.284375,4131.784375
92789,2022-05-27 12:06:47,4140.75,4140.75,4140.5,4140.75,4148.284375,4131.784375
92790,2022-05-27 12:06:48,4140.75,4141.0,4140.5,4140.75,4148.284375,4131.784375
92791,2022-05-27 12:06:49,4140.75,4141.0,4140.5,4140.75,4148.284375,4131.784375
92792,2022-05-27 12:06:50,4140.75,4140.75,4140.25,4140.75,4148.284375,4131.784375
92793,2022-05-27 12:06:51,4140.5,4140.75,4140.5,4140.75,4148.284375,4131.784375
92794,2022-05-27 12:06:52,4140.75,4140.75,4140.75,4140.75,4148.284375,4131.784375
92795,2022-05-27 12:06:54,4140.75,4141.0,4140.75,4141.0,4148.284375,4131.784375
92796,2022-05-27 12:06:55,4141.0,4141.0,4141.0,4141.0,4148.284375,4131.784375
92797,2022-05-27 12:06:56,4141.0,4141.0,4140.75,4140.75,4148.284375,4131.784375
92798,2022-05-27 12:06:57,4141.0,4141.0,4140.75,4140.75,4148.284375,4131.784375
92799,2022-05-27 12:06:58,4140.75,4141.0,4140.75,4141.0,4148.284375,4131.784375
92800,2022-05-27 12:06:59,4140.75,4140.75,4140.75,4140.75,4148.284375,4131.784375
92801,2022-05-27 12:07:00,4140.75,4140.75,4140.75,4140.75,4148.284375,4131.784375
92802,2022-05-27 12:07:01,4140.75,4141.0,4140.75,4141.0,4148.284375,4131.784375
92803,2022-05-27 12:07:02,4141.0,4141.0,4141.0,4141.0,4148.284375,4131.784375
92804,2022-05-27 12:07:03,4141.0,4141.25,4141.0,4141.25,4148.284375,4131.784375
92805,2022-05-27 12:07:04,4141.25,4141.5,4141.25,4141.5,4148.284375,4131.784375
92806,2022-05-27 12:07:05,4141.5,4141.75,4141.25,4141.75,4148.284375,4131.784375
92807,2022-05-27 12:07:06,4141.5,4141.5,4141.5,4141.5,4148.284375,4131.784375
92808,2022-05-27 12:07:07,4141.75,4141.75,4141.5,4141.5,4148.284375,4131.784375
92809,2022-05-27 12:07:08,4141.75,4142.0,4141.75,4141.75,4148.284375,4131.784375
92810,2022-05-27 12:07:09,4141.5,4141.75,4141.5,4141.75,4148.284375,4131.784375
92811,2022-05-27 12:07:10,4141.75,4141.75,4141.75,4141.75,4148.284375,4131.784375
92812,2022-05-27 12:07:11,4141.75,4141.75,4141.5,4141.5,4148.55625,4132.05625
92813,2022-05-27 12:07:12,4141.5,4141.75,4141.5,4141.5,4148.55625,4132.05625
92814,2022-05-27 12:07:13,4141.25,4141.75,4141.25,4141.75,4148.55625,4132.05625
92815,2022-05-27 12:07:14,4142.0,4142.0,4141.75,4141.75,4148.55625,4132.05625
92816,2022-05-27 12:07:15,4142.0,4142.0,4141.75,4141.75,4148.55625,4132.05625
92817,2022-05-27 12:07:16,4141.75,4141.75,4141.75,4141.75,4148.55625,4132.05625
92818,2022-05-27 12:07:17,4141.75,4141.75,4141.25,4141.25,4148.55625,4132.05625
92819,2022-05-27 12:07:18,4141.25,4141.25,4141.25,4141.25,4148.55625,4132.05625
92820,2022-05-27 12:07:19,4141.25,4141.5,4141.25,4141.5,4148.55625,4132.05625
92821,2022-05-27 12:07:20,4141.5,4141.5,4141.25,4141.25,4148.55625,4132.05625
92822,2022-05-27 12:07:21,4141.25,4141.5,4141.25,4141.25,4148.55625,4132.05625
92823,2022-05-27 12:07:22,4141.5,4141.75,4141.5,4141.75,4148.55625,4132.05625
92824,2022-05-27 12:07:23,4141.75,4141.75,4141.75,4141.75,4148.55625,4132.05625
92825,2022-05-27 12:07:24,4141.5,4141.5,4141.5,4141.5,4148.55625,4132.05625
92826,2022-05-27 12:07:25,4141.5,4141.5,4141.25,4141.25,4148.55625,4132.05625
92827,2022-05-27 12:07:26,4141.25,4141.25,4141.25,4141.25,4148.55625,4132.05625
92828,2022-05-27 12:07:27,4141.25,4141.5,4141.25,4141.5,4148.55625,4132.05625
92829,2022-05-27 12:07:28,4141.5,4141.5,4141.5,4141.5,4148.55625,4132.05625
92830,2022-05-27 12:07:29,4141.75,4141.75,4141.75,4141.75,4148.55625,4132.05625
92831,2022-05-27 12:07:31,4142.0,4142.0,4141.75,4141.75,4148.55625,4132.05625
92832,2022-05-27 12:07:32,4141.75,4142.0,4141.75,4142.0,4148.55625,4132.05625
92833,2022-05-27 12:07:33,4141.75,4141.75,4141.75,4141.75,4148.55625,4132.05625
92834,2022-05-27 12:07:34,4142.0,4142.0,4142.0,4142.0,4148.55625,4132.05625
92835,2022-05-27 12:07:35,4142.0,4142.0,4141.75,4142.0,4148.55625,4132.05625
92836,2022-05-27 12:07:36,4142.0,4142.0,4141.5,4141.75,4148.55625,4132.05625
92837,2022-05-27 12:07:37,4142.0,4142.0,4142.0,4142.0,4148.55625,4132.05625
92838,2022-05-27 12:07:38,4142.25,4142.25,4142.25,4142.25,4148.55625,4132.05625
92839,2022-05-27 12:07:39,4142.25,4142.25,4142.0,4142.0,4148.55625,4132.05625
92840,2022-05-27 12:07:40,4142.25,4142.25,4142.0,4142.25,4148.55625,4132.05625
92841,2022-05-27 12:07:41,4142.25,4142.5,4142.0,4142.5,4148.55625,4132.05625
92842,2022-05-27 12:07:42,4142.25,4142.5,4142.25,4142.25,4148.55625,4132.05625
92843,2022-05-27 12:07:43,4142.25,4142.5,4142.25,4142.5,4148.55625,4132.05625
92844,2022-05-27 12:07:44,4142.5,4142.5,4142.25,4142.25,4148.55625,4132.05625
92845,2022-05-27 12:07:45,4142.5,4142.5,4142.5,4142.5,4148.55625,4132.05625
92846,2022-05-27 12:07:46,4142.75,4142.75,4142.5,4142.5,4148.55625,4132.05625
92847,2022-05-27 12:07:47,4142.5,4142.5,4142.25,4142.5,4148.55625,4132.05625
92848,2022-05-27 12:07:48,4142.25,4142.75,4142.25,4142.75,4148.55625,4132.05625
92849,2022-05-27 12:07:49,4142.75,4142.75,4142.75,4142.75,4148.55625,4132.05625
92850,2022-05-27 12:07:50,4142.75,4142.75,4142.5,4142.5,4148.55625,4132.05625
92851,2022-05-27 12:07:51,4142.75,4142.75,4142.0,4142.0,4148.55625,4132.05625
92852,2022-05-27 12:07:52,4142.25,4142.5,4142.25,4142.25,4148.55625,4132.05625
92853,2022-05-27 12:07:53,4142.0,4142.0,4142.0,4142.0,4148.55625,4132.05625
92854,2022-05-27 12:07:54,4142.25,4142.25,4142.0,4142.0,4148.55625,4132.05625
92855,2022-05-27 12:07:55,4142.0,4142.25,4142.0,4142.25,4148.55625,4132.05625
92856,2022-05-27 12:07:56,4142.25,4142.25,4142.0,4142.0,4148.55625,4132.05625
92857,2022-05-27 12:07:57,4142.25,4142.25,4141.75,4142.0,4148.55625,4132.05625
92858,2022-05-27 12:07:58,4142.25,4142.25,4142.25,4142.25,4148.55625,4132.05625
92859,2022-05-27 12:07:59,4142.5,4142.75,4142.5,4142.5,4148.55625,4132.05625
92860,2022-05-27 12:08:00,4142.5,4142.5,4142.5,4142.5,4148.55625,4132.05625
92861,2022-05-27 12:08:01,4142.75,4142.75,4142.75,4142.75,4148.55625,4132.05625
92862,2022-05-27 12:08:02,4142.75,4142.75,4142.0,4142.5,4148.55625,4132.05625
92863,2022-05-27 12:08:03,4142.25,4142.5,4142.25,4142.25,4148.55625,4132.05625
92864,2022-05-27 12:08:04,4142.25,4142.25,4142.25,4142.25,4148.55625,4132.05625
92865,2022-05-27 12:08:05,4142.25,4142.25,4142.0,4142.0,4148.55625,4132.05625
92866,2022-05-27 12:08:06,4142.0,4142.5,4142.0,4142.5,4148.55625,4132.05625
92867,2022-05-27 12:08:07,4142.5,4142.75,4142.25,4142.5,4148.55625,4132.05625
92868,2022-05-27 12:08:08,4142.5,4142.5,4142.5,4142.5,4148.55625,4132.05625
92869,2022-05-27 12:08:09,4142.5,4142.5,4142.25,4142.25,4148.55625,4132.05625
92870,2022-05-27 12:08:10,4142.25,4142.25,4142.25,4142.25,4148.55625,4132.05625
92871,2022-05-27 12:08:11,4142.25,4142.25,4142.0,4142.25,4148.55625,4132.05625
92872,2022-05-27 12:08:12,4142.25,4142.25,4142.0,4142.25,4148.828125,4132.328125
92873,2022-05-27 12:08:13,4142.25,4142.5,4142.25,4142.25,4148.828125,4132.328125
92874,2022-05-27 12:08:14,4142.25,4142.25,4142.0,4142.25,4148.828125,4132.328125
92875,2022-05-27 12:08:15,4142.25,4142.5,4142.25,4142.5,4148.828125,4132.328125
92876,2022-05-27 12:08:16,4142.5,4143.0,4142.5,4143.0,4148.828125,4132.328125
92877,2022-05-27 12:08:17,4143.0,4143.0,4143.0,4143.0,4148.828125,4132.328125
92878,2022-05-27 12:08:18,4143.0,4143.0,4142.75,4142.75,4148.828125,4132.328125
92879,2022-05-27 12:08:19,4143.0,4143.0,4142.75,4143.0,4148.828125,4132.328125
92880,2022-05-27 12:08:20,4143.0,4143.25,4143.0,4143.25,4148.828125,4132.328125
92881,2022-05-27 12:08:21,4143.0,4143.25,4143.0,4143.25,4148.828125,4132.328125
92882,2022-05-27 12:08:22,4143.25,4143.25,4142.75,4143.0,4148.828125,4132.328125
92883,2022-05-27 12:08:23,4143.0,4143.25,4142.75,4143.0,4148.828125,4132.328125
92884,2022-05-27 12:08:24,4143.0,4143.0,4142.75,4143.0,4148.828125,4132.328125
92885,2022-05-27 12:08:25,4143.25,4143.25,4143.25,4143.25,4148.828125,4132.328125
92886,2022-05-27 12:08:26,4143.0,4143.0,4143.0,4143.0,4148.828125,4132.328125
92887,2022-05-27 12:08:27,4143.25,4143.25,4143.0,4143.0,4148.828125,4132.328125
92888,2022-05-27 12:08:28,4143.0,4143.0,4142.75,4143.0,4148.828125,4132.328125
92889,2022-05-27 12:08:29,4143.0,4143.25,4142.75,4143.25,4148.828125,4132.328125
92890,2022-05-27 12:08:30,4143.25,4143.25,4143.0,4143.25,4148.828125,4132.328125
92891,2022-05-27 12:08:31,4143.25,4143.25,4143.0,4143.25,4148.828125,4132.328125
92892,2022-05-27 12:08:32,4143.25,4143.25,4143.0,4143.25,4148.828125,4132.328125
92893,2022-05-27 12:08:33,4143.25,4143.5,4143.0,4143.25,4148.828125,4132.328125
92894,2022-05-27 12:08:34,4143.25,4143.5,4143.25,4143.25,4148.828125,4132.328125
92895,2022-05-27 12:08:35,4143.5,4143.5,4143.25,4143.25,4148.828125,4132.328125
92896,2022-05-27 12:08:36,4143.25,4143.25,4143.0,4143.0,4148.828125,4132.328125
92897,2022-05-27 12:08:37,4143.0,4143.0,4143.0,4143.0,4148.828125,4132.328125
92898,2022-05-27 12:08:38,4143.0,4143.0,4143.0,4143.0,4148.828125,4132.328125
92899,2022-05-27 12:08:39,4143.0,4143.0,4142.75,4143.0,4148.828125,4132.328125
92900,2022-05-27 12:08:40,4143.25,4143.25,4143.0,4143.0,4148.828125,4132.328125
92901,2022-05-27 12:08:41,4143.0,4143.25,4143.0,4143.0,4148.828125,4132.328125
92902,2022-05-27 12:08:42,4143.25,4143.25,4142.75,4143.0,4148.828125,4132.328125
92903,2022-05-27 12:08:43,4143.0,4143.0,4143.0,4143.0,4148.828125,4132.328125
92904,2022-05-27 12:08:44,4142.75,4142.75,4142.75,4142.75,4148.828125,4132.328125
92905,2022-05-27 12:08:45,4142.75,4143.0,4142.5,4142.5,4148.828125,4132.328125
92906,2022-05-27 12:08:46,4142.75,4143.0,4142.75,4142.75,4148.828125,4132.328125
92907,2022-05-27 12:08:47,4143.0,4143.25,4142.75,4143.25,4148.828125,4132.328125
92908,2022-05-27 12:08:48,4143.25,4143.25,4143.0,4143.0,4148.828125,4132.328125
92909,2022-05-27 12:08:49,4143.0,4143.0,4143.0,4143.0,4148.828125,4132.328125
92910,2022-05-27 12:08:50,4143.0,4143.0,4143.0,4143.0,4148.828125,4132.328125
92911,2022-05-27 12:08:51,4143.25,4143.25,4143.25,4143.25,4148.828125,4132.328125
92912,2022-05-27 12:08:52,4143.0,4143.25,4143.0,4143.0,4148.828125,4132.328125
92913,2022-05-27 12:08:53,4143.25,4143.25,4143.25,4143.25,4148.828125,4132.328125
92914,2022-05-27 12:08:54,4143.0,4143.0,4143.0,4143.0,4148.828125,4132.328125
92915,2022-05-27 12:08:55,4143.25,4143.25,4143.0,4143.25,4148.828125,4132.328125
92916,2022-05-27 12:08:56,4143.25,4143.25,4143.0,4143.0,4148.828125,4132.328125
92917,2022-05-27 12:08:57,4143.25,4143.25,4143.25,4143.25,4148.828125,4132.328125
92918,2022-05-27 12:08:58,4143.25,4143.5,4143.25,4143.25,4148.828125,4132.328125
92919,2022-05-27 12:08:59,4143.25,4143.25,4143.25,4143.25,4148.828125,4132.328125
92920,2022-05-27 12:09:00,4143.5,4143.5,4143.5,4143.5,4148.828125,4132.328125
92921,2022-05-27 12:09:01,4143.5,4143.5,4143.5,4143.5,4148.828125,4132.328125
92922,2022-05-27 12:09:02,4143.5,4143.5,4143.25,4143.25,4148.828125,4132.328125
92923,2022-05-27 12:09:03,4143.25,4143.25,4143.25,4143.25,4148.828125,4132.328125
92924,2022-05-27 12:09:04,4143.25,4143.25,4143.0,4143.0,4148.828125,4132.328125
92925,2022-05-27 12:09:05,4143.0,4143.5,4143.0,4143.5,4148.828125,4132.328125
92926,2022-05-27 12:09:06,4143.25,4143.25,4143.0,4143.25,4148.828125,4132.328125
92927,2022-05-27 12:09:07,4143.0,4143.25,4143.0,4143.25,4148.828125,4132.328125
92928,2022-05-27 12:09:08,4143.25,4143.25,4143.0,4143.0,4148.828125,4132.328125
92929,2022-05-27 12:09:09,4143.25,4143.25,4143.0,4143.0,4148.828125,4132.328125
92930,2022-05-27 12:09:10,4143.25,4143.25,4143.0,4143.0,4148.828125,4132.328125
92931,2022-05-27 12:09:11,4143.0,4143.25,4143.0,4143.25,4148.828125,4132.328125
92932,2022-05-27 12:09:12,4143.25,4143.25,4143.25,4143.25,4149.099999999999,4132.599999999999
92933,2022-05-27 12:09:13,4143.0,4143.25,4143.0,4143.0,4149.099999999999,4132.599999999999
92934,2022-05-27 12:09:14,4143.25,4143.25,4143.25,4143.25,4149.099999999999,4132.599999999999
92935,2022-05-27 12:09:15,4143.25,4143.5,4143.25,4143.5,4149.099999999999,4132.599999999999
92936,2022-05-27 12:09:16,4143.5,4143.5,4143.5,4143.5,4149.099999999999,4132.599999999999
92937,2022-05-27 12:09:17,4143.5,4143.5,4143.5,4143.5,4149.099999999999,4132.599999999999
92938,2022-05-27 12:09:18,4143.5,4143.5,4143.25,4143.5,4149.099999999999,4132.599999999999
92939,2022-05-27 12:09:19,4143.25,4143.25,4143.25,4143.25,4149.099999999999,4132.599999999999
92940,2022-05-27 12:09:20,4143.5,4143.5,4143.25,4143.25,4149.099999999999,4132.599999999999
92941,2022-05-27 12:09:21,4143.25,4143.25,4143.25,4143.25,4149.099999999999,4132.599999999999
92942,2022-05-27 12:09:22,4143.25,4143.5,4143.25,4143.25,4149.099999999999,4132.599999999999
92943,2022-05-27 12:09:23,4143.5,4143.5,4143.5,4143.5,4149.099999999999,4132.599999999999
92944,2022-05-27 12:09:24,4143.5,4143.5,4143.25,4143.5,4149.099999999999,4132.599999999999
92945,2022-05-27 12:09:25,4143.5,4143.5,4143.5,4143.5,4149.099999999999,4132.599999999999
92946,2022-05-27 12:09:26,4143.5,4143.5,4143.0,4143.25,4149.099999999999,4132.599999999999
92947,2022-05-27 12:09:27,4143.25,4143.25,4143.0,4143.0,4149.099999999999,4132.599999999999
92948,2022-05-27 12:09:28,4143.0,4143.0,4143.0,4143.0,4149.099999999999,4132.599999999999
92949,2022-05-27 12:09:29,4143.0,4143.0,4142.75,4143.0,4149.099999999999,4132.599999999999
92950,2022-05-27 12:09:30,4143.0,4143.0,4142.75,4142.75,4149.099999999999,4132.599999999999
92951,2022-05-27 12:09:31,4142.75,4142.75,4142.75,4142.75,4149.099999999999,4132.599999999999
92952,2022-05-27 12:09:32,4142.75,4143.0,4142.75,4142.75,4149.099999999999,4132.599999999999
92953,2022-05-27 12:09:33,4142.75,4143.0,4142.5,4142.75,4149.099999999999,4132.599999999999
92954,2022-05-27 12:09:34,4142.75,4143.0,4142.75,4142.75,4149.099999999999,4132.599999999999
92955,2022-05-27 12:09:35,4143.0,4143.0,4143.0,4143.0,4149.099999999999,4132.599999999999
92956,2022-05-27 12:09:36,4143.0,4143.0,4142.75,4142.75,4149.099999999999,4132.599999999999
92957,2022-05-27 12:09:37,4142.75,4142.75,4142.75,4142.75,4149.099999999999,4132.599999999999
92958,2022-05-27 12:09:38,4142.75,4142.75,4142.5,4142.5,4149.099999999999,4132.599999999999
92959,2022-05-27 12:09:39,4142.75,4143.0,4142.75,4143.0,4149.099999999999,4132.599999999999
92960,2022-05-27 12:09:40,4143.0,4143.0,4142.75,4143.0,4149.099999999999,4132.599999999999
92961,2022-05-27 12:09:41,4143.0,4143.0,4142.75,4142.75,4149.099999999999,4132.599999999999
92962,2022-05-27 12:09:42,4143.0,4143.0,4143.0,4143.0,4149.099999999999,4132.599999999999
92963,2022-05-27 12:09:43,4143.0,4143.0,4143.0,4143.0,4149.099999999999,4132.599999999999
92964,2022-05-27 12:09:44,4143.25,4143.25,4143.25,4143.25,4149.099999999999,4132.599999999999
92965,2022-05-27 12:09:45,4143.25,4143.25,4143.25,4143.25,4149.099999999999,4132.599999999999
92966,2022-05-27 12:09:46,4143.25,4143.25,4143.25,4143.25,4149.099999999999,4132.599999999999
92967,2022-05-27 12:09:47,4143.25,4143.5,4143.25,4143.5,4149.099999999999,4132.599999999999
92968,2022-05-27 12:09:48,4143.5,4143.5,4143.5,4143.5,4149.099999999999,4132.599999999999
92969,2022-05-27 12:09:49,4143.25,4143.25,4143.25,4143.25,4149.099999999999,4132.599999999999
92970,2022-05-27 12:09:50,4143.5,4143.5,4143.5,4143.5,4149.099999999999,4132.599999999999
92971,2022-05-27 12:09:51,4143.25,4143.5,4143.25,4143.5,4149.099999999999,4132.599999999999
92972,2022-05-27 12:09:52,4143.5,4143.5,4143.5,4143.5,4149.099999999999,4132.599999999999
92973,2022-05-27 12:09:53,4143.75,4143.75,4143.5,4143.75,4149.099999999999,4132.599999999999
92974,2022-05-27 12:09:54,4143.5,4143.5,4143.25,4143.25,4149.099999999999,4132.599999999999
92975,2022-05-27 12:09:55,4143.25,4143.25,4143.25,4143.25,4149.099999999999,4132.599999999999
92976,2022-05-27 12:09:56,4143.25,4143.25,4143.0,4143.0,4149.099999999999,4132.599999999999
92977,2022-05-27 12:09:57,4143.0,4143.25,4143.0,4143.0,4149.099999999999,4132.599999999999
92978,2022-05-27 12:09:58,4143.25,4143.25,4143.25,4143.25,4149.099999999999,4132.599999999999
92979,2022-05-27 12:09:59,4143.0,4143.0,4142.75,4143.0,4149.099999999999,4132.599999999999
92980,2022-05-27 12:10:00,4143.0,4143.0,4143.0,4143.0,4149.099999999999,4132.599999999999
92981,2022-05-27 12:10:01,4143.25,4143.75,4143.25,4143.75,4149.099999999999,4132.599999999999
92982,2022-05-27 12:10:02,4143.75,4143.75,4143.5,4143.5,4149.099999999999,4132.599999999999
92983,2022-05-27 12:10:03,4143.5,4143.5,4143.25,4143.25,4149.099999999999,4132.599999999999
92984,2022-05-27 12:10:04,4143.5,4143.5,4143.5,4143.5,4149.099999999999,4132.599999999999
92985,2022-05-27 12:10:05,4143.25,4143.25,4143.25,4143.25,4149.099999999999,4132.599999999999
92986,2022-05-27 12:10:06,4143.0,4143.25,4143.0,4143.25,4149.099999999999,4132.599999999999
92987,2022-05-27 12:10:07,4143.25,4143.25,4143.0,4143.0,4149.099999999999,4132.599999999999
92988,2022-05-27 12:10:08,4143.0,4143.0,4142.75,4142.75,4149.099999999999,4132.599999999999
92989,2022-05-27 12:10:09,4142.75,4142.75,4142.75,4142.75,4149.099999999999,4132.599999999999
92990,2022-05-27 12:10:10,4143.0,4143.0,4142.75,4142.75,4149.099999999999,4132.599999999999
92991,2022-05-27 12:10:11,4143.0,4143.0,4143.0,4143.0,4149.099999999999,4132.599999999999
92992,2022-05-27 12:10:12,4142.75,4143.0,4142.75,4143.0,4149.371875,4132.871875
92993,2022-05-27 12:10:13,4143.0,4143.0,4142.75,4142.75,4149.371875,4132.871875
92994,2022-05-27 12:10:14,4142.75,4142.75,4142.75,4142.75,4149.371875,4132.871875
92995,2022-05-27 12:10:15,4142.75,4142.75,4142.75,4142.75,4149.371875,4132.871875
92996,2022-05-27 12:10:16,4142.75,4143.25,4142.75,4143.25,4149.371875,4132.871875
92997,2022-05-27 12:10:17,4143.25,4143.25,4143.0,4143.0,4149.371875,4132.871875
92998,2022-05-27 12:10:18,4143.0,4143.0,4142.5,4142.5,4149.371875,4132.871875
92999,2022-05-27 12:10:19,4142.5,4142.75,4142.5,4142.5,4149.371875,4132.871875
93000,2022-05-27 12:10:20,4142.25,4142.25,4142.0,4142.0,4149.371875,4132.871875
93001,2022-05-27 12:10:21,4142.25,4142.25,4142.0,4142.0,4149.371875,4132.871875
93002,2022-05-27 12:10:22,4141.75,4142.25,4141.75,4142.0,4149.371875,4132.871875
93003,2022-05-27 12:10:23,4141.75,4141.75,4141.0,4141.0,4149.371875,4132.871875
93004,2022-05-27 12:10:24,4141.0,4141.5,4141.0,4141.25,4149.371875,4132.871875
93005,2022-05-27 12:10:25,4141.25,4141.5,4141.25,4141.25,4149.371875,4132.871875
93006,2022-05-27 12:10:26,4141.5,4141.5,4141.25,4141.5,4149.371875,4132.871875
93007,2022-05-27 12:10:27,4141.5,4141.75,4141.25,4141.25,4149.371875,4132.871875
93008,2022-05-27 12:10:28,4141.25,4141.25,4141.25,4141.25,4149.371875,4132.871875
93009,2022-05-27 12:10:29,4141.25,4141.25,4141.0,4141.0,4149.371875,4132.871875
93010,2022-05-27 12:10:30,4141.25,4141.25,4140.75,4140.75,4149.371875,4132.871875
93011,2022-05-27 12:10:31,4140.75,4141.0,4140.5,4140.5,4149.371875,4132.871875
93012,2022-05-27 12:10:32,4140.75,4140.75,4140.5,4140.75,4149.371875,4132.871875
93013,2022-05-27 12:10:33,4140.75,4140.75,4140.5,4140.5,4149.371875,4132.871875
93014,2022-05-27 12:10:34,4140.75,4141.5,4140.75,4141.5,4149.371875,4132.871875
93015,2022-05-27 12:10:35,4141.25,4141.75,4141.25,4141.75,4149.371875,4132.871875
93016,2022-05-27 12:10:36,4141.75,4141.75,4141.5,4141.75,4149.371875,4132.871875
93017,2022-05-27 12:10:37,4141.5,4141.75,4141.5,4141.75,4149.371875,4132.871875
93018,2022-05-27 12:10:38,4141.5,4141.75,4141.5,4141.75,4149.371875,4132.871875
93019,2022-05-27 12:10:39,4141.75,4141.75,4141.5,4141.5,4149.371875,4132.871875
93020,2022-05-27 12:10:40,4141.5,4141.75,4141.5,4141.75,4149.371875,4132.871875
93021,2022-05-27 12:10:41,4141.5,4141.5,4141.5,4141.5,4149.371875,4132.871875
93022,2022-05-27 12:10:42,4141.75,4141.75,4141.25,4141.25,4149.371875,4132.871875
93023,2022-05-27 12:10:43,4141.5,4141.5,4141.5,4141.5,4149.371875,4132.871875
93024,2022-05-27 12:10:44,4141.75,4141.75,4141.75,4141.75,4149.371875,4132.871875
93025,2022-05-27 12:10:45,4141.5,4141.5,4141.25,4141.25,4149.371875,4132.871875
93026,2022-05-27 12:10:46,4141.25,4141.5,4141.0,4141.25,4149.371875,4132.871875
93027,2022-05-27 12:10:47,4141.25,4141.5,4141.25,4141.25,4149.371875,4132.871875
93028,2022-05-27 12:10:48,4141.25,4141.5,4141.25,4141.5,4149.371875,4132.871875
93029,2022-05-27 12:10:49,4141.25,4141.5,4141.25,4141.5,4149.371875,4132.871875
93030,2022-05-27 12:10:50,4141.5,4141.75,4141.5,4141.5,4149.371875,4132.871875
93031,2022-05-27 12:10:51,4141.5,4141.5,4141.5,4141.5,4149.371875,4132.871875
93032,2022-05-27 12:10:52,4141.5,4141.5,4141.5,4141.5,4149.371875,4132.871875
93033,2022-05-27 12:10:53,4141.5,4141.5,4141.25,4141.25,4149.371875,4132.871875
93034,2022-05-27 12:10:54,4141.25,4141.25,4141.0,4141.0,4149.371875,4132.871875
93035,2022-05-27 12:10:55,4141.0,4141.75,4141.0,4141.5,4149.371875,4132.871875
93036,2022-05-27 12:10:56,4141.25,4141.25,4141.25,4141.25,4149.371875,4132.871875
93037,2022-05-27 12:10:57,4141.25,4141.25,4141.25,4141.25,4149.371875,4132.871875
93038,2022-05-27 12:10:58,4141.25,4141.25,4141.25,4141.25,4149.371875,4132.871875
93039,2022-05-27 12:10:59,4141.5,4141.5,4141.5,4141.5,4149.371875,4132.871875
93040,2022-05-27 12:11:00,4141.25,4141.75,4141.25,4141.75,4149.371875,4132.871875
93041,2022-05-27 12:11:01,4141.75,4141.75,4141.5,4141.75,4149.371875,4132.871875
93042,2022-05-27 12:11:02,4141.75,4141.75,4141.5,4141.75,4149.371875,4132.871875
93043,2022-05-27 12:11:03,4141.75,4142.0,4141.75,4142.0,4149.371875,4132.871875
93044,2022-05-27 12:11:04,4142.0,4142.0,4142.0,4142.0,4149.371875,4132.871875
93045,2022-05-27 12:11:05,4142.0,4142.25,4142.0,4142.25,4149.371875,4132.871875
93046,2022-05-27 12:11:06,4142.25,4142.25,4142.0,4142.25,4149.371875,4132.871875
93047,2022-05-27 12:11:07,4142.25,4142.5,4142.25,4142.25,4149.371875,4132.871875
93048,2022-05-27 12:11:08,4142.25,4142.5,4142.25,4142.5,4149.371875,4132.871875
93049,2022-05-27 12:11:09,4142.5,4142.5,4142.25,4142.5,4149.371875,4132.871875
93050,2022-05-27 12:11:10,4142.5,4142.75,4142.25,4142.5,4149.371875,4132.871875
93051,2022-05-27 12:11:11,4142.5,4142.75,4142.25,4142.5,4149.371875,4132.871875
93052,2022-05-27 12:11:12,4142.25,4142.25,4142.25,4142.25,4149.64375,4133.14375
93053,2022-05-27 12:11:13,4142.25,4142.25,4142.0,4142.0,4149.64375,4133.14375
93054,2022-05-27 12:11:14,4142.25,4142.5,4142.25,4142.5,4149.64375,4133.14375
93055,2022-05-27 12:11:15,4142.5,4142.5,4142.0,4142.0,4149.64375,4133.14375
93056,2022-05-27 12:11:16,4142.25,4142.25,4142.0,4142.25,4149.64375,4133.14375
93057,2022-05-27 12:11:17,4142.25,4142.25,4142.0,4142.25,4149.64375,4133.14375
93058,2022-05-27 12:11:18,4142.25,4142.25,4142.0,4142.0,4149.64375,4133.14375
93059,2022-05-27 12:11:19,4141.75,4142.0,4141.75,4141.75,4149.64375,4133.14375
93060,2022-05-27 12:11:20,4142.0,4142.0,4142.0,4142.0,4149.64375,4133.14375
93061,2022-05-27 12:11:21,4142.0,4142.25,4142.0,4142.25,4149.64375,4133.14375
93062,2022-05-27 12:11:22,4142.25,4142.25,4142.0,4142.25,4149.64375,4133.14375
93063,2022-05-27 12:11:23,4142.25,4142.5,4142.0,4142.25,4149.64375,4133.14375
93064,2022-05-27 12:11:24,4142.25,4142.25,4142.25,4142.25,4149.64375,4133.14375
93065,2022-05-27 12:11:25,4142.25,4142.5,4142.25,4142.25,4149.64375,4133.14375
93066,2022-05-27 12:11:26,4142.25,4142.5,4141.75,4141.75,4149.64375,4133.14375
93067,2022-05-27 12:11:27,4141.75,4141.75,4141.75,4141.75,4149.64375,4133.14375
93068,2022-05-27 12:11:28,4142.0,4142.0,4141.75,4142.0,4149.64375,4133.14375
93069,2022-05-27 12:11:29,4141.75,4141.75,4141.75,4141.75,4149.64375,4133.14375
93070,2022-05-27 12:11:30,4141.75,4142.0,4141.75,4141.75,4149.64375,4133.14375
93071,2022-05-27 12:11:31,4141.75,4141.75,4141.5,4141.5,4149.64375,4133.14375
93072,2022-05-27 12:11:32,4141.75,4141.75,4141.0,4141.0,4149.64375,4133.14375
93073,2022-05-27 12:11:33,4141.0,4141.0,4140.75,4140.75,4149.64375,4133.14375
93074,2022-05-27 12:11:34,4140.75,4141.0,4140.75,4141.0,4149.64375,4133.14375
93075,2022-05-27 12:11:35,4141.0,4141.5,4141.0,4141.5,4149.64375,4133.14375
93076,2022-05-27 12:11:36,4141.5,4141.75,4141.5,4141.75,4149.64375,4133.14375
93077,2022-05-27 12:11:37,4141.75,4141.75,4141.5,4141.5,4149.64375,4133.14375
93078,2022-05-27 12:11:38,4141.5,4141.75,4141.5,4141.75,4149.64375,4133.14375
93079,2022-05-27 12:11:39,4142.0,4142.0,4142.0,4142.0,4149.64375,4133.14375
93080,2022-05-27 12:11:40,4142.0,4142.0,4142.0,4142.0,4149.64375,4133.14375
93081,2022-05-27 12:11:41,4141.75,4141.75,4141.75,4141.75,4149.64375,4133.14375
93082,2022-05-27 12:11:42,4141.75,4141.75,4141.5,4141.5,4149.64375,4133.14375
93083,2022-05-27 12:11:43,4141.75,4141.75,4141.25,4141.75,4149.64375,4133.14375
93084,2022-05-27 12:11:44,4142.0,4142.0,4142.0,4142.0,4149.64375,4133.14375
93085,2022-05-27 12:11:45,4141.75,4141.75,4141.75,4141.75,4149.64375,4133.14375
93086,2022-05-27 12:11:46,4141.75,4141.75,4141.75,4141.75,4149.64375,4133.14375
93087,2022-05-27 12:11:47,4141.75,4141.75,4141.5,4141.5,4149.64375,4133.14375
93088,2022-05-27 12:11:48,4141.5,4141.5,4141.5,4141.5,4149.64375,4133.14375
93089,2022-05-27 12:11:49,4141.5,4141.5,4141.25,4141.5,4149.64375,4133.14375
93090,2022-05-27 12:11:50,4141.5,4141.5,4141.0,4141.0,4149.64375,4133.14375
93091,2022-05-27 12:11:51,4141.25,4141.25,4141.25,4141.25,4149.64375,4133.14375
93092,2022-05-27 12:11:52,4141.0,4141.5,4141.0,4141.5,4149.64375,4133.14375
93093,2022-05-27 12:11:53,4141.75,4141.75,4141.75,4141.75,4149.64375,4133.14375
93094,2022-05-27 12:11:54,4141.75,4141.75,4141.25,4141.5,4149.64375,4133.14375
93095,2022-05-27 12:11:55,4141.5,4141.5,4141.25,4141.25,4149.64375,4133.14375
93096,2022-05-27 12:11:56,4141.25,4141.25,4141.0,4141.0,4149.64375,4133.14375
93097,2022-05-27 12:11:57,4141.0,4141.0,4141.0,4141.0,4149.64375,4133.14375
93098,2022-05-27 12:11:58,4141.25,4141.25,4141.0,4141.0,4149.64375,4133.14375
93099,2022-05-27 12:11:59,4141.25,4141.25,4141.25,4141.25,4149.64375,4133.14375
93100,2022-05-27 12:12:00,4141.5,4141.5,4141.25,4141.5,4149.64375,4133.14375
93101,2022-05-27 12:12:01,4141.25,4141.5,4141.25,4141.5,4149.64375,4133.14375
93102,2022-05-27 12:12:02,4141.5,4141.5,4141.5,4141.5,4149.64375,4133.14375
93103,2022-05-27 12:12:03,4141.5,4141.5,4141.5,4141.5,4149.64375,4133.14375
93104,2022-05-27 12:12:04,4141.5,4141.5,4141.25,4141.25,4149.64375,4133.14375
93105,2022-05-27 12:12:05,4141.25,4141.25,4141.0,4141.0,4149.64375,4133.14375
93106,2022-05-27 12:12:06,4141.5,4141.75,4141.5,4141.75,4149.64375,4133.14375
93107,2022-05-27 12:12:07,4141.75,4142.0,4141.75,4142.0,4149.64375,4133.14375
93108,2022-05-27 12:12:08,4142.0,4142.0,4142.0,4142.0,4149.64375,4133.14375
93109,2022-05-27 12:12:09,4141.75,4141.75,4141.75,4141.75,4149.64375,4133.14375
93110,2022-05-27 12:12:11,4142.0,4142.25,4142.0,4142.0,4149.64375,4133.14375
93111,2022-05-27 12:12:12,4142.0,4142.0,4142.0,4142.0,4149.64375,4133.14375
93112,2022-05-27 12:12:13,4142.0,4142.0,4142.0,4142.0,4149.915625,4133.415625
93113,2022-05-27 12:12:14,4142.25,4142.25,4142.0,4142.0,4149.915625,4133.415625
93114,2022-05-27 12:12:15,4142.25,4142.25,4142.0,4142.25,4149.915625,4133.415625
93115,2022-05-27 12:12:16,4142.0,4142.5,4142.0,4142.25,4149.915625,4133.415625
93116,2022-05-27 12:12:17,4142.25,4142.25,4141.75,4142.0,4149.915625,4133.415625
93117,2022-05-27 12:12:18,4142.0,4142.0,4141.25,4141.75,4149.915625,4133.415625
93118,2022-05-27 12:12:19,4141.75,4141.75,4141.5,4141.5,4149.915625,4133.415625
93119,2022-05-27 12:12:20,4141.5,4141.5,4141.5,4141.5,4149.915625,4133.415625
93120,2022-05-27 12:12:22,4141.75,4141.75,4141.5,4141.5,4149.915625,4133.415625
93121,2022-05-27 12:12:23,4141.75,4141.75,4141.5,4141.5,4149.915625,4133.415625
93122,2022-05-27 12:12:24,4141.75,4142.0,4141.75,4142.0,4149.915625,4133.415625
93123,2022-05-27 12:12:25,4142.0,4142.0,4142.0,4142.0,4149.915625,4133.415625
93124,2022-05-27 12:12:26,4142.0,4142.25,4142.0,4142.0,4149.915625,4133.415625
93125,2022-05-27 12:12:27,4142.25,4142.25,4142.25,4142.25,4149.915625,4133.415625
93126,2022-05-27 12:12:28,4142.0,4142.0,4142.0,4142.0,4149.915625,4133.415625
93127,2022-05-27 12:12:29,4142.0,4142.0,4141.75,4141.75,4149.915625,4133.415625
93128,2022-05-27 12:12:30,4142.0,4142.0,4142.0,4142.0,4149.915625,4133.415625
93129,2022-05-27 12:12:31,4142.25,4142.25,4142.25,4142.25,4149.915625,4133.415625
93130,2022-05-27 12:12:32,4142.0,4142.25,4142.0,4142.0,4149.915625,4133.415625
93131,2022-05-27 12:12:33,4142.0,4142.0,4141.75,4141.75,4149.915625,4133.415625
93132,2022-05-27 12:12:34,4142.0,4142.0,4142.0,4142.0,4149.915625,4133.415625
93133,2022-05-27 12:12:35,4142.0,4142.0,4142.0,4142.0,4149.915625,4133.415625
93134,2022-05-27 12:12:36,4142.25,4142.25,4141.75,4141.75,4149.915625,4133.415625
93135,2022-05-27 12:12:37,4142.0,4142.25,4142.0,4142.25,4149.915625,4133.415625
93136,2022-05-27 12:12:38,4142.25,4142.25,4142.0,4142.0,4149.915625,4133.415625
93137,2022-05-27 12:12:39,4142.25,4142.25,4142.0,4142.25,4149.915625,4133.415625
93138,2022-05-27 12:12:40,4142.25,4142.25,4142.25,4142.25,4149.915625,4133.415625
93139,2022-05-27 12:12:41,4142.25,4142.25,4142.0,4142.0,4149.915625,4133.415625
93140,2022-05-27 12:12:42,4142.25,4142.25,4142.25,4142.25,4149.915625,4133.415625
93141,2022-05-27 12:12:43,4142.25,4142.25,4142.25,4142.25,4149.915625,4133.415625
93142,2022-05-27 12:12:44,4142.5,4142.5,4142.5,4142.5,4149.915625,4133.415625
93143,2022-05-27 12:12:45,4142.5,4142.5,4142.5,4142.5,4149.915625,4133.415625
93144,2022-05-27 12:12:46,4142.25,4142.25,4142.0,4142.0,4149.915625,4133.415625
93145,2022-05-27 12:12:47,4142.25,4142.25,4142.25,4142.25,4149.915625,4133.415625
93146,2022-05-27 12:12:48,4142.5,4142.5,4142.5,4142.5,4149.915625,4133.415625
93147,2022-05-27 12:12:49,4142.5,4142.75,4142.5,4142.5,4149.915625,4133.415625
93148,2022-05-27 12:12:50,4142.5,4142.5,4142.5,4142.5,4149.915625,4133.415625
93149,2022-05-27 12:12:51,4142.5,4142.75,4142.5,4142.75,4149.915625,4133.415625
93150,2022-05-27 12:12:52,4142.5,4142.5,4142.25,4142.5,4149.915625,4133.415625
93151,2022-05-27 12:12:53,4142.5,4142.5,4142.5,4142.5,4149.915625,4133.415625
93152,2022-05-27 12:12:54,4142.5,4142.5,4142.5,4142.5,4149.915625,4133.415625
93153,2022-05-27 12:12:55,4142.5,4142.5,4142.5,4142.5,4149.915625,4133.415625
93154,2022-05-27 12:12:56,4142.5,4142.75,4142.25,4142.5,4149.915625,4133.415625
93155,2022-05-27 12:12:58,4142.5,4142.5,4142.5,4142.5,4149.915625,4133.415625
93156,2022-05-27 12:12:59,4142.25,4142.25,4142.25,4142.25,4149.915625,4133.415625
93157,2022-05-27 12:13:00,4142.0,4142.0,4142.0,4142.0,4149.915625,4133.415625
93158,2022-05-27 12:13:01,4142.0,4142.0,4142.0,4142.0,4149.915625,4133.415625
93159,2022-05-27 12:13:02,4142.0,4142.25,4142.0,4142.0,4149.915625,4133.415625
93160,2022-05-27 12:13:03,4142.0,4142.25,4142.0,4142.25,4149.915625,4133.415625
93161,2022-05-27 12:13:04,4142.5,4142.5,4142.5,4142.5,4149.915625,4133.415625
93162,2022-05-27 12:13:05,4142.75,4143.0,4142.5,4142.5,4149.915625,4133.415625
93163,2022-05-27 12:13:06,4142.75,4142.75,4142.75,4142.75,4149.915625,4133.415625
93164,2022-05-27 12:13:07,4142.75,4142.75,4142.75,4142.75,4149.915625,4133.415625
93165,2022-05-27 12:13:08,4142.75,4142.75,4142.5,4142.5,4149.915625,4133.415625
93166,2022-05-27 12:13:09,4142.5,4142.5,4142.5,4142.5,4149.915625,4133.415625
93167,2022-05-27 12:13:10,4142.75,4143.0,4142.5,4142.5,4149.915625,4133.415625
93168,2022-05-27 12:13:11,4142.75,4142.75,4142.5,4142.5,4149.915625,4133.415625
93169,2022-05-27 12:13:12,4142.75,4142.75,4142.5,4142.5,4149.915625,4133.415625
93170,2022-05-27 12:13:13,4142.5,4142.5,4142.5,4142.5,4149.915625,4133.415625
93171,2022-05-27 12:13:14,4142.75,4142.75,4142.5,4142.5,4149.915625,4133.415625
93172,2022-05-27 12:13:16,4142.75,4142.75,4142.75,4142.75,4150.1875,4133.6875
93173,2022-05-27 12:13:17,4142.5,4142.5,4142.25,4142.25,4150.1875,4133.6875
93174,2022-05-27 12:13:18,4142.5,4142.5,4142.25,4142.25,4150.1875,4133.6875
93175,2022-05-27 12:13:19,4142.25,4142.25,4142.25,4142.25,4150.1875,4133.6875
93176,2022-05-27 12:13:20,4142.0,4142.0,4142.0,4142.0,4150.1875,4133.6875
93177,2022-05-27 12:13:21,4142.0,4142.0,4142.0,4142.0,4150.1875,4133.6875
93178,2022-05-27 12:13:25,4142.0,4142.5,4142.0,4142.5,4150.1875,4133.6875
93179,2022-05-27 12:13:26,4142.5,4142.5,4142.5,4142.5,4150.1875,4133.6875
93180,2022-05-27 12:13:27,4142.25,4142.25,4142.25,4142.25,4150.1875,4133.6875
93181,2022-05-27 12:13:28,4142.25,4142.25,4142.25,4142.25,4150.1875,4133.6875
93182,2022-05-27 12:13:29,4142.5,4142.5,4142.5,4142.5,4150.1875,4133.6875
93183,2022-05-27 12:13:30,4142.5,4142.5,4142.5,4142.5,4150.1875,4133.6875
93184,2022-05-27 12:13:31,4142.5,4142.5,4142.5,4142.5,4150.1875,4133.6875
93185,2022-05-27 12:13:32,4142.25,4142.5,4142.25,4142.5,4150.1875,4133.6875
93186,2022-05-27 12:13:33,4142.5,4142.5,4142.5,4142.5,4150.1875,4133.6875
93187,2022-05-27 12:13:34,4142.25,4142.25,4142.25,4142.25,4150.1875,4133.6875
93188,2022-05-27 12:13:35,4142.5,4142.5,4142.5,4142.5,4150.1875,4133.6875
93189,2022-05-27 12:13:36,4142.5,4142.5,4142.5,4142.5,4150.1875,4133.6875
93190,2022-05-27 12:13:37,4142.25,4142.5,4142.25,4142.5,4150.1875,4133.6875
93191,2022-05-27 12:13:38,4142.5,4142.5,4142.25,4142.5,4150.1875,4133.6875
93192,2022-05-27 12:13:39,4142.5,4142.5,4142.5,4142.5,4150.1875,4133.6875
93193,2022-05-27 12:13:40,4142.5,4142.5,4142.25,4142.25,4150.1875,4133.6875
93194,2022-05-27 12:13:41,4142.25,4142.25,4142.25,4142.25,4150.1875,4133.6875
93195,2022-05-27 12:13:42,4142.25,4142.25,4142.0,4142.0,4150.1875,4133.6875
93196,2022-05-27 12:13:43,4142.25,4142.75,4142.25,4142.75,4150.1875,4133.6875
93197,2022-05-27 12:13:44,4142.75,4142.75,4142.75,4142.75,4150.1875,4133.6875
93198,2022-05-27 12:13:45,4142.75,4142.75,4142.75,4142.75,4150.1875,4133.6875
93199,2022-05-27 12:13:46,4142.5,4142.5,4142.5,4142.5,4150.1875,4133.6875
93200,2022-05-27 12:13:48,4142.5,4142.5,4142.25,4142.25,4150.1875,4133.6875
93201,2022-05-27 12:13:49,4142.25,4142.25,4142.25,4142.25,4150.1875,4133.6875
93202,2022-05-27 12:13:50,4142.5,4142.5,4142.5,4142.5,4150.1875,4133.6875
93203,2022-05-27 12:13:51,4142.5,4142.5,4142.5,4142.5,4150.1875,4133.6875
93204,2022-05-27 12:13:52,4142.5,4142.5,4142.5,4142.5,4150.1875,4133.6875
93205,2022-05-27 12:13:53,4142.75,4143.0,4142.5,4142.5,4150.1875,4133.6875
93206,2022-05-27 12:13:54,4142.75,4143.0,4142.75,4143.0,4150.1875,4133.6875
93207,2022-05-27 12:13:55,4142.75,4143.0,4142.75,4143.0,4150.1875,4133.6875
93208,2022-05-27 12:13:56,4143.0,4143.0,4142.75,4142.75,4150.1875,4133.6875
93209,2022-05-27 12:13:57,4143.0,4143.0,4142.75,4142.75,4150.1875,4133.6875
93210,2022-05-27 12:13:58,4142.75,4142.75,4142.75,4142.75,4150.1875,4133.6875
93211,2022-05-27 12:13:59,4142.75,4142.75,4142.75,4142.75,4150.1875,4133.6875
93212,2022-05-27 12:14:01,4143.0,4143.0,4142.75,4142.75,4150.1875,4133.6875
93213,2022-05-27 12:14:02,4142.75,4142.75,4142.75,4142.75,4150.1875,4133.6875
93214,2022-05-27 12:14:03,4143.0,4143.0,4142.75,4142.75,4150.1875,4133.6875
93215,2022-05-27 12:14:04,4142.75,4142.75,4142.5,4142.75,4150.1875,4133.6875
93216,2022-05-27 12:14:06,4142.75,4142.75,4142.75,4142.75,4150.1875,4133.6875
93217,2022-05-27 12:14:07,4142.75,4142.75,4142.75,4142.75,4150.1875,4133.6875
93218,2022-05-27 12:14:10,4143.0,4143.0,4142.75,4142.75,4150.1875,4133.6875
93219,2022-05-27 12:14:11,4143.0,4143.0,4142.5,4142.5,4150.1875,4133.6875
93220,2022-05-27 12:14:12,4142.75,4143.0,4142.75,4142.75,4150.1875,4133.6875
93221,2022-05-27 12:14:13,4143.0,4143.0,4143.0,4143.0,4150.1875,4133.6875
93222,2022-05-27 12:14:14,4142.75,4142.75,4142.75,4142.75,4150.1875,4133.6875
93223,2022-05-27 12:14:15,4142.5,4142.5,4142.5,4142.5,4150.1875,4133.6875
93224,2022-05-27 12:14:16,4142.75,4142.75,4142.75,4142.75,4150.1875,4133.6875
93225,2022-05-27 12:14:17,4142.75,4142.75,4142.75,4142.75,4150.1875,4133.6875
93226,2022-05-27 12:14:18,4142.75,4142.75,4142.75,4142.75,4150.1875,4133.6875
93227,2022-05-27 12:14:19,4142.75,4142.75,4142.5,4142.5,4150.1875,4133.6875
93228,2022-05-27 12:14:20,4142.5,4142.5,4142.5,4142.5,4150.1875,4133.6875
93229,2022-05-27 12:14:22,4142.75,4142.75,4142.75,4142.75,4150.1875,4133.6875
93230,2022-05-27 12:14:23,4142.75,4142.75,4142.75,4142.75,4150.1875,4133.6875
93231,2022-05-27 12:14:25,4142.75,4142.75,4142.5,4142.5,4150.1875,4133.6875
93232,2022-05-27 12:14:26,4142.75,4142.75,4142.5,4142.5,4150.459374999999,4133.959374999999
93233,2022-05-27 12:14:29,4142.75,4142.75,4142.75,4142.75,4150.459374999999,4133.959374999999
93234,2022-05-27 12:14:30,4142.75,4142.75,4142.75,4142.75,4150.459374999999,4133.959374999999
93235,2022-05-27 12:14:31,4142.75,4142.75,4142.75,4142.75,4150.459374999999,4133.959374999999
93236,2022-05-27 12:14:32,4143.0,4143.0,4142.75,4143.0,4150.459374999999,4133.959374999999
93237,2022-05-27 12:14:34,4142.75,4142.75,4142.5,4142.5,4150.459374999999,4133.959374999999
93238,2022-05-27 12:14:35,4142.75,4142.75,4142.5,4142.5,4150.459374999999,4133.959374999999
93239,2022-05-27 12:14:36,4142.5,4142.75,4142.5,4142.75,4150.459374999999,4133.959374999999
93240,2022-05-27 12:14:38,4142.75,4142.75,4142.25,4142.5,4150.459374999999,4133.959374999999
93241,2022-05-27 12:14:39,4142.75,4142.75,4142.5,4142.5,4150.459374999999,4133.959374999999
93242,2022-05-27 12:14:40,4142.5,4142.5,4142.25,4142.25,4150.459374999999,4133.959374999999
93243,2022-05-27 12:14:41,4142.5,4142.5,4142.5,4142.5,4150.459374999999,4133.959374999999
93244,2022-05-27 12:14:43,4142.5,4142.5,4142.25,4142.25,4150.459374999999,4133.959374999999
93245,2022-05-27 12:14:44,4142.25,4142.5,4142.25,4142.25,4150.459374999999,4133.959374999999
93246,2022-05-27 12:14:45,4142.25,4142.25,4142.25,4142.25,4150.459374999999,4133.959374999999
93247,2022-05-27 12:14:46,4142.25,4142.25,4142.25,4142.25,4150.459374999999,4133.959374999999
93248,2022-05-27 12:14:47,4142.5,4142.5,4142.0,4142.0,4150.459374999999,4133.959374999999
93249,2022-05-27 12:14:48,4142.25,4142.25,4142.25,4142.25,4150.459374999999,4133.959374999999
93250,2022-05-27 12:14:49,4142.5,4142.5,4142.25,4142.25,4150.459374999999,4133.959374999999
93251,2022-05-27 12:14:50,4142.25,4142.25,4142.25,4142.25,4150.459374999999,4133.959374999999
93252,2022-05-27 12:14:51,4142.0,4142.25,4142.0,4142.25,4150.459374999999,4133.959374999999
93253,2022-05-27 12:14:52,4142.25,4142.25,4142.25,4142.25,4150.459374999999,4133.959374999999
93254,2022-05-27 12:14:53,4142.25,4142.25,4142.25,4142.25,4150.459374999999,4133.959374999999
93255,2022-05-27 12:14:54,4142.25,4142.25,4142.25,4142.25,4150.459374999999,4133.959374999999
93256,2022-05-27 12:14:55,4142.25,4142.25,4142.0,4142.0,4150.459374999999,4133.959374999999
93257,2022-05-27 12:14:56,4142.0,4142.25,4142.0,4142.0,4150.459374999999,4133.959374999999
93258,2022-05-27 12:14:57,4141.75,4142.25,4141.75,4142.25,4150.459374999999,4133.959374999999
93259,2022-05-27 12:14:58,4142.5,4142.5,4142.25,4142.5,4150.459374999999,4133.959374999999
93260,2022-05-27 12:14:59,4142.5,4142.75,4142.5,4142.75,4150.459374999999,4133.959374999999
93261,2022-05-27 12:15:00,4142.75,4142.75,4142.75,4142.75,4150.459374999999,4133.959374999999
