Datetime,Open,High,Low,Close
2022-05-26 06:00:00,4000.25,4001.25,3999.25,4001.25
2022-05-26 06:01:00,4001.0,4001.25,4000.25,4000.75
2022-05-26 06:02:00,4000.75,4001.25,3998.25,3999.0
2022-05-26 06:03:00,3999.0,4000.0,3998.0,3999.25
2022-05-26 06:04:00,3999.0,3999.25,3997.0,3997.25
2022-05-26 06:05:00,3997.25,3997.5,3995.25,3996.25
2022-05-26 06:06:00,3996.0,3996.5,3995.0,3996.25
2022-05-26 06:07:00,3996.0,3998.25,3996.0,3996.5
2022-05-26 06:08:00,3996.75,3996.75,3994.25,3994.75
2022-05-26 06:09:00,3995.0,3995.5,3994.5,3995.25
2022-05-26 06:10:00,3995.25,3996.0,3993.5,3993.75
2022-05-26 06:11:00,3994.0,3995.75,3993.75,3995.25
2022-05-26 06:12:00,3995.25,3996.25,3995.0,3995.5
2022-05-26 06:13:00,3995.5,3995.5,3994.75,3995.0
2022-05-26 06:14:00,3995.25,3996.25,3994.75,3995.25
2022-05-26 06:15:00,3995.25,3995.5,3993.0,3993.25
2022-05-26 06:16:00,3993.25,3993.75,3990.0,3990.5
2022-05-26 06:17:00,3990.5,3991.75,3989.75,3990.25
2022-05-26 06:18:00,3990.25,3991.0,3989.0,3989.75
2022-05-26 06:19:00,3989.75,3991.0,3989.5,3990.0
2022-05-26 06:20:00,3990.0,3990.5,3989.0,3989.25
2022-05-26 06:21:00,3989.25,3990.25,3988.5,3989.5
2022-05-26 06:22:00,3989.75,3990.0,3987.5,3988.75
2022-05-26 06:23:00,3988.75,3991.5,3988.5,3991.5
2022-05-26 06:24:00,3991.25,3992.5,3990.5,3991.25
2022-05-26 06:25:00,3991.25,3991.5,3989.25,3989.75
2022-05-26 06:26:00,3989.75,3991.5,3988.75,3990.25
2022-05-26 06:27:00,3990.25,3991.25,3989.0,3989.5
2022-05-26 06:28:00,3989.75,3992.0,3989.25,3991.5
2022-05-26 06:29:00,3991.5,3991.5,3988.75,3990.5
2022-05-26 06:30:00,3990.25,3992.0,3987.5,3989.5
2022-05-26 06:31:00,3989.5,3996.25,3989.5,3995.75
2022-05-26 06:32:00,3996.0,4000.25,3995.25,3996.5
2022-05-26 06:33:00,3996.5,4000.75,3994.5,3998.25
2022-05-26 06:34:00,3998.5,4006.0,3998.25,4006.0
2022-05-26 06:35:00,4005.75,4008.0,4004.75,4008.0
2022-05-26 06:36:00,4007.75,4008.5,4005.5,4005.5
2022-05-26 06:37:00,4005.5,4009.0,4003.75,4008.75
2022-05-26 06:38:00,4008.5,4018.5,4008.5,4016.25
2022-05-26 06:39:00,4016.25,4017.25,4013.0,4013.75
2022-05-26 06:40:00,4013.5,4015.5,4011.75,4014.5
2022-05-26 06:41:00,4014.25,4015.5,4010.75,4011.25
2022-05-26 06:42:00,4011.5,4017.25,4011.5,4017.0
2022-05-26 06:43:00,4016.75,4022.0,4016.0,4017.0
2022-05-26 06:44:00,4017.25,4019.25,4014.5,4016.0
2022-05-26 06:45:00,4016.0,4017.5,4011.25,4013.5
2022-05-26 06:46:00,4013.5,4016.0,4012.75,4014.0
2022-05-26 06:47:00,4013.75,4021.0,4012.5,4018.5
2022-05-26 06:48:00,4018.75,4022.0,4018.75,4022.0
2022-05-26 06:49:00,4022.0,4022.5,4018.75,4019.5
2022-05-26 06:50:00,4019.25,4022.75,4019.0,4021.5
2022-05-26 06:51:00,4021.75,4024.75,4021.5,4024.0
2022-05-26 06:52:00,4023.75,4027.75,4023.75,4027.75
2022-05-26 06:53:00,4027.5,4028.5,4024.5,4026.75
2022-05-26 06:54:00,4026.5,4027.5,4023.0,4026.0
2022-05-26 06:55:00,4025.75,4026.75,4023.75,4025.5
2022-05-26 06:56:00,4025.75,4029.0,4025.5,4028.75
2022-05-26 06:57:00,4028.75,4030.25,4027.0,4027.5
2022-05-26 06:58:00,4027.75,4029.75,4026.5,4029.5
2022-05-26 06:59:00,4029.5,4030.5,4027.5,4028.25
2022-05-26 07:00:00,4028.25,4032.25,4026.5,4030.25
2022-05-26 07:01:00,4030.5,4032.5,4028.0,4030.75
2022-05-26 07:02:00,4030.75,4031.75,4027.5,4030.25
2022-05-26 07:03:00,4030.5,4030.75,4027.5,4030.0
2022-05-26 07:04:00,4030.0,4031.0,4027.5,4029.25
2022-05-26 07:05:00,4029.25,4031.5,4027.25,4030.75
2022-05-26 07:06:00,4030.75,4032.5,4029.75,4030.75
2022-05-26 07:07:00,4030.75,4034.5,4030.25,4030.25
2022-05-26 07:08:00,4030.0,4031.75,4029.5,4031.75
2022-05-26 07:09:00,4031.75,4032.5,4029.25,4030.0
2022-05-26 07:10:00,4029.75,4030.25,4026.5,4028.0
2022-05-26 07:11:00,4028.0,4031.25,4027.5,4030.5
2022-05-26 07:12:00,4030.75,4034.5,4030.5,4033.5
2022-05-26 07:13:00,4033.5,4035.75,4032.25,4034.5
2022-05-26 07:14:00,4034.75,4037.25,4034.25,4035.25
2022-05-26 07:15:00,4035.25,4038.25,4035.25,4037.25
2022-05-26 07:16:00,4037.25,4038.5,4037.0,4038.0
2022-05-26 07:17:00,4038.25,4038.25,4036.25,4036.25
2022-05-26 07:18:00,4036.5,4038.5,4035.0,4038.0
2022-05-26 07:19:00,4038.25,4039.5,4037.25,4039.25
2022-05-26 07:20:00,4039.25,4040.25,4036.75,4037.0
2022-05-26 07:21:00,4037.0,4038.5,4036.25,4038.0
2022-05-26 07:22:00,4038.25,4042.75,4038.0,4040.75
2022-05-26 07:23:00,4041.0,4041.25,4038.75,4039.75
2022-05-26 07:24:00,4039.5,4041.25,4039.25,4041.0
2022-05-26 07:25:00,4041.0,4041.5,4038.25,4038.5
2022-05-26 07:26:00,4038.5,4040.5,4037.75,4037.75
2022-05-26 07:27:00,4037.75,4039.25,4037.5,4038.5
2022-05-26 07:28:00,4038.5,4039.25,4036.75,4037.0
2022-05-26 07:29:00,4037.0,4037.75,4035.0,4035.75
2022-05-26 07:30:00,4035.75,4038.0,4034.25,4035.5
2022-05-26 07:31:00,4035.25,4036.75,4034.0,4035.25
2022-05-26 07:32:00,4035.25,4035.75,4034.5,4034.5
2022-05-26 07:33:00,4034.5,4034.75,4031.75,4032.0
2022-05-26 07:34:00,4032.0,4033.75,4031.25,4033.0
2022-05-26 07:35:00,4033.25,4037.0,4033.0,4036.75
2022-05-26 07:36:00,4037.0,4037.75,4035.75,4037.75
2022-05-26 07:37:00,4037.5,4038.5,4035.5,4037.5
2022-05-26 07:38:00,4037.5,4038.25,4036.0,4037.25
2022-05-26 07:39:00,4037.25,4039.0,4036.5,4038.75
2022-05-26 07:40:00,4038.75,4040.0,4036.75,4037.75
2022-05-26 07:41:00,4037.75,4038.75,4035.5,4038.0
2022-05-26 07:42:00,4038.25,4038.5,4035.25,4035.5
2022-05-26 07:43:00,4035.75,4037.5,4035.0,4037.0
2022-05-26 07:44:00,4037.25,4037.75,4036.25,4036.75
2022-05-26 07:45:00,4036.75,4037.25,4033.0,4033.25
2022-05-26 07:46:00,4033.25,4038.0,4033.0,4036.75
2022-05-26 07:47:00,4036.75,4037.25,4035.0,4035.75
2022-05-26 07:48:00,4035.75,4038.25,4035.75,4038.25
2022-05-26 07:49:00,4038.25,4039.0,4037.0,4038.25
2022-05-26 07:50:00,4038.25,4042.0,4038.25,4042.0
2022-05-26 07:51:00,4041.75,4042.5,4040.5,4042.25
2022-05-26 07:52:00,4042.0,4042.5,4040.5,4041.5
2022-05-26 07:53:00,4041.5,4041.75,4039.5,4039.75
2022-05-26 07:54:00,4039.75,4040.25,4038.0,4039.75
2022-05-26 07:55:00,4039.75,4040.5,4038.75,4040.25
2022-05-26 07:56:00,4040.25,4041.75,4039.75,4041.75
2022-05-26 07:57:00,4041.75,4041.75,4039.25,4040.5
2022-05-26 07:58:00,4040.75,4042.0,4039.5,4042.0
2022-05-26 07:59:00,4041.75,4043.0,4041.5,4042.5
2022-05-26 08:00:00,4042.5,4045.75,4041.5,4045.5
2022-05-26 08:01:00,4045.5,4047.0,4045.0,4046.25
2022-05-26 08:02:00,4046.5,4047.5,4045.75,4047.0
2022-05-26 08:03:00,4047.25,4048.0,4046.75,4047.75
2022-05-26 08:04:00,4047.75,4049.5,4047.75,4048.75
2022-05-26 08:05:00,4048.75,4049.75,4047.0,4047.25
2022-05-26 08:06:00,4047.5,4048.0,4046.5,4047.25
2022-05-26 08:07:00,4047.0,4048.0,4046.5,4047.25
2022-05-26 08:08:00,4047.5,4047.75,4046.5,4047.75
2022-05-26 08:09:00,4047.75,4048.25,4046.5,4047.0
2022-05-26 08:10:00,4047.0,4047.75,4046.75,4047.0
2022-05-26 08:11:00,4047.0,4047.5,4046.5,4047.0
2022-05-26 08:12:00,4047.25,4047.25,4045.75,4046.0
2022-05-26 08:13:00,4046.25,4048.25,4046.25,4048.0
2022-05-26 08:14:00,4048.25,4049.75,4047.5,4049.75
2022-05-26 08:15:00,4049.75,4050.0,4048.25,4050.0
2022-05-26 08:16:00,4049.75,4051.75,4049.0,4049.5
2022-05-26 08:17:00,4049.5,4049.75,4048.25,4049.75
2022-05-26 08:18:00,4049.75,4049.75,4047.5,4048.25
2022-05-26 08:19:00,4048.0,4049.5,4047.75,4048.75
2022-05-26 08:20:00,4048.75,4049.25,4047.75,4049.0
2022-05-26 08:21:00,4049.25,4052.0,4049.25,4049.5
2022-05-26 08:22:00,4049.75,4050.0,4046.0,4046.0
2022-05-26 08:23:00,4046.25,4049.5,4046.0,4048.75
2022-05-26 08:24:00,4048.75,4049.5,4047.75,4048.25
2022-05-26 08:25:00,4048.5,4050.25,4048.0,4048.25
2022-05-26 08:26:00,4048.5,4048.5,4045.5,4046.5
2022-05-26 08:27:00,4046.5,4047.0,4045.25,4045.25
2022-05-26 08:28:00,4045.25,4045.75,4043.5,4045.0
2022-05-26 08:29:00,4045.0,4046.25,4044.0,4044.75
2022-05-26 08:30:00,4045.0,4047.75,4044.25,4047.25
2022-05-26 08:31:00,4047.0,4049.75,4046.75,4047.25
2022-05-26 08:32:00,4047.5,4048.25,4045.25,4045.75
2022-05-26 08:33:00,4045.75,4046.0,4042.25,4042.75
2022-05-26 08:34:00,4042.75,4044.5,4042.0,4042.0
2022-05-26 08:35:00,4041.75,4043.25,4040.25,4042.25
2022-05-26 08:36:00,4042.25,4043.5,4041.75,4042.75
2022-05-26 08:37:00,4043.0,4044.0,4042.5,4043.25
2022-05-26 08:38:00,4043.25,4046.0,4043.0,4045.0
2022-05-26 08:39:00,4045.0,4046.5,4044.5,4045.75
2022-05-26 08:40:00,4045.75,4046.0,4044.25,4044.5
2022-05-26 08:41:00,4044.5,4047.0,4043.5,4045.75
2022-05-26 08:42:00,4045.75,4047.75,4045.0,4047.5
2022-05-26 08:43:00,4047.25,4047.5,4045.0,4045.75
2022-05-26 08:44:00,4045.75,4047.0,4045.25,4046.25
2022-05-26 08:45:00,4046.5,4047.5,4044.25,4044.5
2022-05-26 08:46:00,4044.5,4045.75,4043.5,4044.0
2022-05-26 08:47:00,4044.0,4044.25,4041.75,4043.25
2022-05-26 08:48:00,4043.25,4043.75,4039.75,4040.0
2022-05-26 08:49:00,4039.75,4043.0,4039.75,4042.5
2022-05-26 08:50:00,4042.75,4042.75,4040.75,4041.5
2022-05-26 08:51:00,4041.5,4042.75,4040.25,4041.75
2022-05-26 08:52:00,4041.75,4042.25,4040.5,4041.25
2022-05-26 08:53:00,4041.25,4043.75,4040.25,4043.25
2022-05-26 08:54:00,4043.25,4044.0,4042.5,4043.25
2022-05-26 08:55:00,4043.25,4047.0,4043.0,4044.75
2022-05-26 08:56:00,4044.75,4048.5,4044.5,4048.25
2022-05-26 08:57:00,4048.0,4048.25,4045.75,4046.25
2022-05-26 08:58:00,4046.25,4048.75,4046.25,4047.75
2022-05-26 08:59:00,4047.75,4048.5,4046.75,4047.25
2022-05-26 09:00:00,4047.25,4047.5,4045.25,4046.75
2022-05-26 09:01:00,4046.75,4050.75,4045.0,4049.75
2022-05-26 09:02:00,4049.75,4051.75,4049.25,4051.75
2022-05-26 09:03:00,4051.75,4052.75,4050.5,4050.75
2022-05-26 09:04:00,4050.75,4052.25,4050.5,4052.25
2022-05-26 09:05:00,4052.25,4052.5,4050.0,4050.25
2022-05-26 09:06:00,4050.25,4051.25,4049.75,4050.0
2022-05-26 09:07:00,4050.0,4050.0,4048.0,4048.0
2022-05-26 09:08:00,4048.25,4049.5,4048.0,4048.5
2022-05-26 09:09:00,4048.25,4049.25,4048.0,4049.0
2022-05-26 09:10:00,4049.25,4051.75,4048.75,4051.75
2022-05-26 09:11:00,4051.75,4053.25,4051.0,4052.75
2022-05-26 09:12:00,4053.0,4054.0,4052.5,4053.0
2022-05-26 09:13:00,4053.0,4055.0,4052.0,4054.0
2022-05-26 09:14:00,4053.75,4055.0,4053.75,4054.0
2022-05-26 09:15:00,4054.25,4054.25,4052.25,4053.0
2022-05-26 09:16:00,4053.0,4053.0,4051.75,4052.5
2022-05-26 09:17:00,4052.5,4053.5,4052.0,4053.0
2022-05-26 09:18:00,4052.75,4053.25,4051.75,4052.5
2022-05-26 09:19:00,4052.5,4054.25,4052.5,4054.0
2022-05-26 09:20:00,4054.0,4056.0,4053.75,4055.5
2022-05-26 09:21:00,4055.5,4057.5,4055.5,4056.5
2022-05-26 09:22:00,4056.5,4056.75,4055.5,4056.5
2022-05-26 09:23:00,4056.5,4057.5,4056.5,4057.25
2022-05-26 09:24:00,4057.25,4058.0,4056.75,4057.5
2022-05-26 09:25:00,4057.75,4058.0,4056.75,4057.25
2022-05-26 09:26:00,4057.25,4057.25,4056.0,4056.25
2022-05-26 09:27:00,4056.25,4058.25,4056.0,4057.5
2022-05-26 09:28:00,4057.5,4059.0,4057.5,4058.5
2022-05-26 09:29:00,4058.25,4060.0,4058.25,4059.75
2022-05-26 09:30:00,4059.75,4061.75,4059.5,4060.75
2022-05-26 09:31:00,4060.75,4061.25,4059.0,4059.75
2022-05-26 09:32:00,4059.75,4060.0,4059.25,4059.5
2022-05-26 09:33:00,4059.75,4059.75,4058.0,4059.0
2022-05-26 09:34:00,4059.0,4059.5,4058.5,4058.5
2022-05-26 09:35:00,4058.5,4059.0,4057.25,4057.75
2022-05-26 09:36:00,4057.75,4058.75,4057.5,4057.75
2022-05-26 09:37:00,4057.75,4058.5,4057.25,4058.5
2022-05-26 09:38:00,4058.5,4059.5,4057.75,4059.25
2022-05-26 09:39:00,4059.25,4060.5,4058.75,4060.25
2022-05-26 09:40:00,4060.0,4060.75,4059.0,4059.25
2022-05-26 09:41:00,4059.25,4059.75,4058.5,4059.0
2022-05-26 09:42:00,4059.0,4060.0,4058.75,4059.25
2022-05-26 09:43:00,4059.25,4060.25,4058.0,4058.0
2022-05-26 09:44:00,4058.25,4059.0,4057.5,4057.75
2022-05-26 09:45:00,4058.0,4059.5,4056.25,4059.25
2022-05-26 09:46:00,4059.25,4060.0,4058.5,4059.0
2022-05-26 09:47:00,4059.0,4060.0,4058.5,4059.5
2022-05-26 09:48:00,4059.5,4060.0,4058.5,4059.0
2022-05-26 09:49:00,4059.0,4061.25,4059.0,4060.25
2022-05-26 09:50:00,4060.0,4061.25,4059.75,4061.25
2022-05-26 09:51:00,4061.25,4061.25,4060.25,4060.5
2022-05-26 09:52:00,4060.5,4062.25,4060.5,4062.0
2022-05-26 09:53:00,4062.0,4062.5,4061.0,4062.25
2022-05-26 09:54:00,4062.25,4063.75,4061.75,4063.75
2022-05-26 09:55:00,4063.75,4065.5,4062.75,4065.25
2022-05-26 09:56:00,4065.25,4066.25,4064.5,4066.0
2022-05-26 09:57:00,4065.75,4066.5,4064.25,4065.25
2022-05-26 09:58:00,4065.0,4065.75,4064.25,4065.5
2022-05-26 09:59:00,4065.5,4066.75,4065.25,4066.25
2022-05-26 10:00:00,4066.25,4067.0,4066.0,4066.5
2022-05-26 10:01:00,4066.5,4067.5,4065.75,4066.25
2022-05-26 10:02:00,4066.5,4068.75,4066.25,4068.5
2022-05-26 10:03:00,4068.5,4069.0,4067.25,4068.0
2022-05-26 10:04:00,4068.25,4069.5,4068.0,4068.75
2022-05-26 10:05:00,4068.75,4070.0,4068.25,4069.5
2022-05-26 10:06:00,4069.5,4069.75,4068.25,4069.0
2022-05-26 10:07:00,4068.75,4069.5,4068.25,4068.75
2022-05-26 10:08:00,4068.5,4069.25,4067.75,4068.25
2022-05-26 10:09:00,4068.25,4071.75,4068.25,4071.25
2022-05-26 10:10:00,4071.5,4073.25,4069.25,4070.25
2022-05-26 10:11:00,4070.0,4070.25,4066.5,4067.5
2022-05-26 10:12:00,4067.5,4068.25,4064.0,4065.5
2022-05-26 10:13:00,4065.5,4067.25,4064.5,4067.25
2022-05-26 10:14:00,4067.0,4067.75,4066.25,4067.5
2022-05-26 10:15:00,4067.5,4067.75,4065.5,4065.75
2022-05-26 10:16:00,4065.75,4066.0,4064.75,4064.75
2022-05-26 10:17:00,4064.75,4065.75,4064.25,4065.0
2022-05-26 10:18:00,4065.0,4065.75,4064.25,4064.75
2022-05-26 10:19:00,4065.0,4066.25,4064.75,4065.0
2022-05-26 10:20:00,4065.25,4066.75,4064.75,4066.75
2022-05-26 10:21:00,4066.75,4067.0,4064.75,4065.0
2022-05-26 10:22:00,4065.25,4065.75,4061.5,4062.25
2022-05-26 10:23:00,4062.0,4062.5,4059.25,4059.75
2022-05-26 10:24:00,4060.0,4060.75,4059.25,4059.25
2022-05-26 10:25:00,4059.5,4060.5,4058.25,4060.25
2022-05-26 10:26:00,4060.25,4064.0,4060.25,4062.5
2022-05-26 10:27:00,4062.5,4062.75,4060.0,4060.75
2022-05-26 10:28:00,4060.5,4061.0,4058.5,4058.75
2022-05-26 10:29:00,4059.0,4059.5,4057.5,4059.25
2022-05-26 10:30:00,4059.25,4060.75,4058.75,4059.5
2022-05-26 10:31:00,4059.5,4061.5,4059.5,4061.0
2022-05-26 10:32:00,4061.0,4061.75,4060.75,4061.0
2022-05-26 10:33:00,4061.25,4063.0,4061.25,4063.0
2022-05-26 10:34:00,4063.0,4063.75,4062.5,4063.0
2022-05-26 10:35:00,4063.0,4063.0,4061.25,4061.75
2022-05-26 10:36:00,4062.0,4062.25,4060.75,4060.75
2022-05-26 10:37:00,4060.75,4062.5,4060.75,4061.75
2022-05-26 10:38:00,4061.75,4062.25,4060.75,4061.25
2022-05-26 10:39:00,4061.25,4061.75,4060.25,4061.5
2022-05-26 10:40:00,4061.75,4063.0,4061.5,4062.5
2022-05-26 10:41:00,4062.75,4063.5,4060.75,4061.5
2022-05-26 10:42:00,4061.5,4061.5,4060.25,4060.75
2022-05-26 10:43:00,4061.0,4061.75,4060.0,4060.5
2022-05-26 10:44:00,4060.5,4063.0,4060.5,4062.25
2022-05-26 10:45:00,4062.25,4063.25,4062.0,4062.75
2022-05-26 10:46:00,4062.75,4063.75,4062.5,4063.25
2022-05-26 10:47:00,4063.25,4063.5,4061.25,4062.75
2022-05-26 10:48:00,4062.75,4064.25,4062.5,4063.75
2022-05-26 10:49:00,4063.75,4063.75,4061.5,4063.25
2022-05-26 10:50:00,4063.25,4063.25,4061.75,4062.5
2022-05-26 10:51:00,4062.5,4062.75,4061.75,4062.75
2022-05-26 10:52:00,4062.75,4063.75,4062.25,4062.75
2022-05-26 10:53:00,4062.5,4063.25,4061.75,4062.0
2022-05-26 10:54:00,4061.75,4062.75,4061.5,4062.5
2022-05-26 10:55:00,4062.25,4062.5,4059.0,4060.75
2022-05-26 10:56:00,4060.75,4062.25,4058.25,4062.0
2022-05-26 10:57:00,4062.25,4063.25,4061.5,4063.25
2022-05-26 10:58:00,4063.0,4066.0,4063.0,4065.5
2022-05-26 10:59:00,4065.5,4066.5,4064.5,4065.5
2022-05-26 11:00:00,4065.5,4067.0,4064.5,4065.75
2022-05-26 11:01:00,4065.75,4066.0,4063.25,4065.5
2022-05-26 11:02:00,4065.5,4065.75,4064.5,4065.25
2022-05-26 11:03:00,4065.0,4065.5,4064.0,4064.25
2022-05-26 11:04:00,4064.0,4065.25,4062.25,4065.25
2022-05-26 11:05:00,4065.0,4065.75,4063.0,4063.0
2022-05-26 11:06:00,4063.0,4063.25,4061.5,4062.0
2022-05-26 11:07:00,4062.25,4063.25,4061.0,4061.75
2022-05-26 11:08:00,4061.5,4064.25,4060.25,4063.5
2022-05-26 11:09:00,4063.5,4064.75,4062.75,4064.0
2022-05-26 11:10:00,4063.75,4065.25,4062.5,4063.25
2022-05-26 11:11:00,4063.0,4063.5,4061.0,4063.5
2022-05-26 11:12:00,4063.5,4064.5,4063.0,4063.25
2022-05-26 11:13:00,4063.5,4065.0,4063.25,4065.0
2022-05-26 11:14:00,4064.75,4065.5,4064.0,4064.25
2022-05-26 11:15:00,4064.25,4066.0,4063.5,4065.5
2022-05-26 11:16:00,4065.75,4066.0,4062.75,4064.5
2022-05-26 11:17:00,4064.75,4066.25,4064.25,4065.25
2022-05-26 11:18:00,4065.25,4065.75,4064.5,4065.0
2022-05-26 11:19:00,4065.0,4065.0,4063.0,4064.0
2022-05-26 11:20:00,4064.0,4065.75,4063.75,4065.25
2022-05-26 11:21:00,4065.5,4067.75,4065.0,4066.75
2022-05-26 11:22:00,4066.75,4068.75,4066.5,4067.5
2022-05-26 11:23:00,4067.75,4068.0,4066.25,4066.75
2022-05-26 11:24:00,4066.75,4068.75,4066.75,4068.75
2022-05-26 11:25:00,4068.5,4069.25,4066.5,4066.75
2022-05-26 11:26:00,4067.0,4067.5,4065.0,4066.25
2022-05-26 11:27:00,4066.25,4067.5,4065.25,4066.25
2022-05-26 11:28:00,4066.0,4067.25,4065.75,4066.75
2022-05-26 11:29:00,4066.75,4067.0,4063.25,4064.25
2022-05-26 11:30:00,4064.0,4065.75,4062.75,4062.75
2022-05-26 11:31:00,4062.75,4064.25,4062.75,4063.75
2022-05-26 11:32:00,4063.5,4064.25,4062.75,4063.5
2022-05-26 11:33:00,4063.5,4063.75,4061.75,4062.25
2022-05-26 11:34:00,4062.25,4062.75,4061.5,4061.75
2022-05-26 11:35:00,4062.0,4062.75,4060.0,4060.0
2022-05-26 11:36:00,4060.0,4060.25,4056.75,4057.25
2022-05-26 11:37:00,4057.25,4060.75,4056.75,4059.75
2022-05-26 11:38:00,4059.75,4060.75,4059.25,4060.25
2022-05-26 11:39:00,4060.25,4060.75,4059.0,4059.5
2022-05-26 11:40:00,4059.5,4059.75,4057.0,4058.25
2022-05-26 11:41:00,4058.5,4060.25,4057.25,4060.0
2022-05-26 11:42:00,4060.25,4062.0,4059.5,4061.5
2022-05-26 11:43:00,4061.5,4062.75,4060.75,4062.75
2022-05-26 11:44:00,4062.75,4062.75,4061.0,4062.0
2022-05-26 11:45:00,4062.0,4063.75,4061.0,4061.25
2022-05-26 11:46:00,4061.0,4061.5,4059.5,4061.0
2022-05-26 11:47:00,4061.25,4061.75,4060.25,4060.75
2022-05-26 11:48:00,4060.75,4062.25,4060.25,4061.25
2022-05-26 11:49:00,4061.0,4062.25,4060.25,4061.5
2022-05-26 11:50:00,4061.5,4063.5,4061.0,4062.0
2022-05-26 11:51:00,4061.75,4063.0,4061.25,4062.5
2022-05-26 11:52:00,4062.5,4062.75,4060.25,4061.25
2022-05-26 11:53:00,4061.25,4062.75,4060.75,4062.5
2022-05-26 11:54:00,4062.5,4064.0,4061.5,4061.5
2022-05-26 11:55:00,4061.75,4062.25,4061.0,4061.5
2022-05-26 11:56:00,4061.25,4063.75,4061.25,4063.25
2022-05-26 11:57:00,4063.5,4064.5,4063.0,4064.5
2022-05-26 11:58:00,4064.5,4065.25,4062.75,4063.75
2022-05-26 11:59:00,4064.0,4064.25,4062.5,4063.0
2022-05-26 12:00:00,4063.0,4063.75,4061.5,4063.25
2022-05-26 12:01:00,4063.25,4063.5,4058.0,4059.25
2022-05-26 12:02:00,4059.0,4059.75,4057.0,4058.75
2022-05-26 12:03:00,4058.75,4059.25,4055.25,4057.0
2022-05-26 12:04:00,4057.0,4057.25,4054.0,4056.0
2022-05-26 12:05:00,4056.25,4061.5,4055.5,4061.5
2022-05-26 12:06:00,4061.5,4062.0,4058.75,4060.75
2022-05-26 12:07:00,4061.0,4063.75,4059.5,4063.5
2022-05-26 12:08:00,4063.5,4063.75,4062.0,4062.75
2022-05-26 12:09:00,4062.75,4063.0,4061.0,4062.0
2022-05-26 12:10:00,4061.75,4062.25,4059.25,4061.25
2022-05-26 12:11:00,4061.0,4061.5,4059.0,4060.5
2022-05-26 12:12:00,4060.5,4060.5,4058.25,4058.5
2022-05-26 12:13:00,4058.5,4059.75,4057.25,4058.25
2022-05-26 12:14:00,4058.25,4059.0,4056.75,4058.75
2022-05-26 12:15:00,4058.75,4059.75,4056.0,4056.5
2022-05-26 12:16:00,4056.25,4056.75,4052.25,4052.5
2022-05-26 12:17:00,4052.25,4053.25,4049.25,4050.25
2022-05-26 12:18:00,4050.25,4052.5,4049.0,4051.25
2022-05-26 12:19:00,4051.5,4054.75,4051.0,4053.5
2022-05-26 12:20:00,4053.5,4055.0,4050.25,4050.5
2022-05-26 12:21:00,4050.25,4052.25,4049.5,4051.0
2022-05-26 12:22:00,4051.0,4051.0,4048.25,4049.25
2022-05-26 12:23:00,4049.0,4051.0,4048.5,4049.0
2022-05-26 12:24:00,4049.25,4052.25,4048.75,4051.25
2022-05-26 12:25:00,4051.25,4051.75,4048.75,4048.75
2022-05-26 12:26:00,4049.0,4051.25,4048.75,4050.25
2022-05-26 12:27:00,4050.25,4052.0,4048.75,4050.75
2022-05-26 12:28:00,4050.75,4055.25,4050.75,4055.0
2022-05-26 12:29:00,4055.25,4057.25,4054.0,4054.25
2022-05-26 12:30:00,4054.25,4057.0,4053.0,4054.75
2022-05-26 12:31:00,4054.5,4056.25,4053.0,4055.5
2022-05-26 12:32:00,4055.5,4056.5,4053.0,4054.0
2022-05-26 12:33:00,4054.0,4056.25,4052.5,4055.75
2022-05-26 12:34:00,4055.5,4058.5,4055.5,4057.5
2022-05-26 12:35:00,4057.5,4058.25,4054.5,4055.25
2022-05-26 12:36:00,4055.25,4056.0,4054.0,4055.75
2022-05-26 12:37:00,4055.5,4057.0,4055.0,4055.5
2022-05-26 12:38:00,4055.75,4060.5,4055.75,4058.5
2022-05-26 12:39:00,4058.5,4060.25,4056.75,4060.0
2022-05-26 12:40:00,4060.0,4061.75,4058.75,4060.5
2022-05-26 12:41:00,4060.5,4062.75,4059.5,4062.75
2022-05-26 12:42:00,4062.5,4062.75,4061.25,4062.0
2022-05-26 12:43:00,4062.0,4064.75,4061.75,4064.5
2022-05-26 12:44:00,4064.75,4066.0,4063.75,4066.0
2022-05-26 12:45:00,4066.0,4068.0,4063.5,4063.75
2022-05-26 12:46:00,4063.75,4067.5,4063.5,4066.75
2022-05-26 12:47:00,4066.75,4067.75,4063.75,4065.25
2022-05-26 12:48:00,4065.5,4069.0,4064.75,4068.75
2022-05-26 12:49:00,4068.5,4070.25,4068.5,4070.0
2022-05-26 12:50:00,4070.0,4073.5,4065.5,4067.5
2022-05-26 12:51:00,4067.5,4067.5,4063.0,4063.25
2022-05-26 12:52:00,4063.25,4066.25,4061.25,4064.0
2022-05-26 12:53:00,4064.0,4065.0,4061.75,4062.25
2022-05-26 12:54:00,4062.25,4063.5,4057.75,4058.0
2022-05-26 12:55:00,4058.0,4060.25,4056.5,4056.75
2022-05-26 12:56:00,4056.75,4058.75,4056.0,4056.75
2022-05-26 12:57:00,4056.5,4056.5,4052.25,4054.25
2022-05-26 12:58:00,4054.25,4056.5,4052.75,4056.0
2022-05-26 12:59:00,4055.75,4058.25,4054.0,4054.25
2022-05-26 13:00:00,4054.25,4056.75,4052.0,4054.5
2022-05-26 13:01:00,4054.5,4054.75,4051.5,4053.0
2022-05-26 13:02:00,4053.0,4053.75,4052.5,4053.25
2022-05-26 13:03:00,4053.0,4053.0,4050.5,4051.5
2022-05-26 13:04:00,4051.75,4052.5,4050.25,4050.25
2022-05-26 13:05:00,4050.5,4050.5,4046.5,4047.0
2022-05-26 13:06:00,4046.75,4048.75,4046.75,4048.25
2022-05-26 13:07:00,4048.25,4050.0,4047.75,4049.5
2022-05-26 13:08:00,4049.75,4050.0,4047.25,4047.5
2022-05-26 13:09:00,4047.5,4049.25,4047.25,4048.75
2022-05-26 13:10:00,4049.0,4050.75,4048.5,4050.5
2022-05-26 13:11:00,4050.5,4050.5,4048.75,4050.0
2022-05-26 13:12:00,4049.75,4050.25,4048.75,4049.0
2022-05-26 13:13:00,4049.0,4049.5,4048.0,4048.25
2022-05-26 13:14:00,4048.25,4049.25,4047.5,4048.25
2022-05-26 13:15:00,4048.5,4049.25,4047.0,4048.5
2022-05-26 13:16:00,4048.5,4051.0,4048.5,4051.0
2022-05-26 13:17:00,4051.0,4051.0,4049.75,4050.5
2022-05-26 13:18:00,4050.5,4050.5,4048.75,4050.0
2022-05-26 13:19:00,4049.75,4050.0,4048.0,4049.0
2022-05-26 13:20:00,4048.75,4049.75,4048.25,4049.5
2022-05-26 13:21:00,4049.25,4050.0,4048.75,4049.5
2022-05-26 13:22:00,4049.75,4049.75,4048.25,4048.75
2022-05-26 13:23:00,4048.75,4049.0,4048.25,4048.25
2022-05-26 13:24:00,4048.25,4048.75,4048.0,4048.0
2022-05-26 13:25:00,4048.25,4049.25,4048.25,4048.25
2022-05-26 13:26:00,4048.5,4049.25,4048.25,4048.5
2022-05-26 13:27:00,4048.75,4049.5,4048.5,4048.75
2022-05-26 13:28:00,4048.75,4049.5,4048.5,4049.25
2022-05-26 13:29:00,4049.5,4050.5,4049.0,4049.75
2022-05-26 13:30:00,4049.5,4050.0,4049.25,4049.25
2022-05-26 13:31:00,4049.5,4049.5,4048.75,4049.25
2022-05-26 13:32:00,4049.5,4050.25,4049.0,4050.0
2022-05-26 13:33:00,4050.0,4050.25,4049.75,4050.0
2022-05-26 13:34:00,4050.0,4050.75,4049.75,4050.5
2022-05-26 13:35:00,4050.75,4050.75,4050.25,4050.25
2022-05-26 13:36:00,4050.5,4050.5,4049.75,4050.0
2022-05-26 13:37:00,4050.0,4051.0,4050.0,4050.75
2022-05-26 13:38:00,4050.75,4050.75,4050.0,4050.25
2022-05-26 13:39:00,4050.25,4050.75,4050.25,4050.5
2022-05-26 13:40:00,4050.75,4050.75,4050.25,4050.25
2022-05-26 13:41:00,4050.25,4050.75,4050.25,4050.75
2022-05-26 13:42:00,4051.0,4051.0,4050.75,4050.75
2022-05-26 13:43:00,4050.75,4051.5,4050.25,4050.75
2022-05-26 13:44:00,4050.75,4051.5,4050.5,4050.75
2022-05-26 13:45:00,4050.75,4050.75,4050.0,4050.75
2022-05-26 13:46:00,4050.5,4050.75,4050.5,4050.75
2022-05-26 13:47:00,4050.75,4051.0,4050.0,4050.25
2022-05-26 13:48:00,4050.5,4050.5,4050.0,4050.0
2022-05-26 13:49:00,4050.0,4051.0,4050.0,4050.5
2022-05-26 13:50:00,4050.5,4050.75,4050.0,4050.25
2022-05-26 13:51:00,4050.0,4050.25,4049.0,4049.5
2022-05-26 13:52:00,4049.75,4049.75,4049.25,4049.75
2022-05-26 13:53:00,4049.75,4050.25,4049.75,4050.25
2022-05-26 13:54:00,4050.5,4051.0,4050.5,4051.0
2022-05-26 13:55:00,4051.0,4051.0,4050.5,4050.75
2022-05-26 13:56:00,4051.0,4051.25,4050.75,4051.0
2022-05-26 13:57:00,4050.75,4051.25,4050.75,4051.25
2022-05-26 13:58:00,4051.0,4051.25,4050.75,4051.0
2022-05-26 13:59:00,4050.75,4052.0,4050.25,4050.75
2022-05-26 14:00:00,4050.5,4050.75,4050.25,4050.75
2022-05-27 06:00:00,4085.0,4086.5,4084.75,4086.5
2022-05-27 06:01:00,4086.5,4087.0,4085.0,4086.75
2022-05-27 06:02:00,4086.75,4087.25,4086.0,4086.25
2022-05-27 06:03:00,4086.0,4086.25,4085.0,4085.5
2022-05-27 06:04:00,4085.5,4085.5,4083.5,4084.25
2022-05-27 06:05:00,4084.25,4086.5,4084.25,4085.75
2022-05-27 06:06:00,4085.75,4087.0,4085.75,4086.75
2022-05-27 06:07:00,4087.0,4087.0,4085.5,4086.25
2022-05-27 06:08:00,4086.25,4086.5,4084.25,4084.75
2022-05-27 06:09:00,4084.75,4085.5,4083.75,4085.0
2022-05-27 06:10:00,4085.0,4085.75,4085.0,4085.5
2022-05-27 06:11:00,4085.5,4086.25,4085.25,4085.75
2022-05-27 06:12:00,4085.5,4085.75,4084.25,4084.5
2022-05-27 06:13:00,4084.75,4085.75,4083.5,4085.5
2022-05-27 06:14:00,4085.5,4085.75,4085.0,4085.25
2022-05-27 06:15:00,4085.25,4085.75,4085.0,4085.25
2022-05-27 06:16:00,4085.5,4085.75,4084.75,4085.5
2022-05-27 06:17:00,4085.75,4086.0,4085.25,4085.75
2022-05-27 06:18:00,4085.5,4085.75,4083.5,4083.75
2022-05-27 06:19:00,4084.0,4084.0,4081.5,4081.75
2022-05-27 06:20:00,4081.75,4082.5,4080.5,4081.25
2022-05-27 06:21:00,4081.0,4081.75,4080.5,4081.25
2022-05-27 06:22:00,4081.25,4082.0,4080.75,4081.75
2022-05-27 06:23:00,4081.5,4081.5,4079.5,4079.5
2022-05-27 06:24:00,4079.5,4079.75,4078.0,4078.75
2022-05-27 06:25:00,4078.5,4080.25,4078.5,4080.0
2022-05-27 06:26:00,4080.25,4080.5,4079.5,4080.25
2022-05-27 06:27:00,4080.5,4081.0,4080.0,4080.25
2022-05-27 06:28:00,4080.0,4081.5,4080.0,4081.0
2022-05-27 06:29:00,4081.0,4082.0,4080.5,4081.5
2022-05-27 06:30:00,4081.5,4086.25,4079.5,4086.0
2022-05-27 06:31:00,4086.0,4089.5,4085.25,4089.5
2022-05-27 06:32:00,4089.5,4092.0,4088.25,4091.75
2022-05-27 06:33:00,4091.75,4093.25,4090.75,4091.0
2022-05-27 06:34:00,4091.0,4091.5,4087.0,4089.5
2022-05-27 06:35:00,4089.5,4092.5,4088.75,4092.25
2022-05-27 06:36:00,4092.25,4096.0,4091.25,4095.25
2022-05-27 06:37:00,4095.0,4096.75,4094.25,4095.5
2022-05-27 06:38:00,4095.5,4100.0,4095.5,4100.0
2022-05-27 06:39:00,4099.75,4102.0,4098.0,4100.25
2022-05-27 06:40:00,4100.25,4104.5,4099.25,4102.75
2022-05-27 06:41:00,4102.75,4103.5,4099.0,4099.0
2022-05-27 06:42:00,4099.0,4099.75,4094.75,4097.25
2022-05-27 06:43:00,4097.25,4100.0,4097.25,4099.0
2022-05-27 06:44:00,4099.0,4099.5,4095.25,4096.5
2022-05-27 06:45:00,4096.5,4101.75,4095.75,4097.75
2022-05-27 06:46:00,4098.0,4100.0,4097.25,4098.5
2022-05-27 06:47:00,4098.5,4105.75,4098.5,4104.25
2022-05-27 06:48:00,4104.25,4109.0,4104.0,4108.5
2022-05-27 06:49:00,4108.25,4109.75,4107.25,4108.25
2022-05-27 06:50:00,4108.25,4109.0,4104.25,4107.0
2022-05-27 06:51:00,4107.25,4113.0,4105.75,4111.5
2022-05-27 06:52:00,4111.5,4111.75,4108.5,4109.0
2022-05-27 06:53:00,4109.0,4112.5,4108.5,4112.5
2022-05-27 06:54:00,4112.25,4114.0,4110.75,4113.25
2022-05-27 06:55:00,4113.25,4117.0,4111.75,4116.25
2022-05-27 06:56:00,4116.25,4118.75,4115.75,4117.25
2022-05-27 06:57:00,4117.25,4118.0,4113.25,4114.5
2022-05-27 06:58:00,4114.5,4116.5,4113.5,4114.0
2022-05-27 06:59:00,4113.75,4115.0,4112.5,4113.0
2022-05-27 07:00:00,4113.25,4114.5,4109.25,4110.5
2022-05-27 07:01:00,4110.75,4115.0,4110.75,4114.75
2022-05-27 07:02:00,4114.5,4117.75,4114.0,4115.75
2022-05-27 07:03:00,4115.75,4118.0,4115.5,4117.75
2022-05-27 07:04:00,4117.75,4118.75,4114.75,4116.75
2022-05-27 07:05:00,4117.0,4118.0,4114.5,4115.5
2022-05-27 07:06:00,4115.5,4117.0,4114.75,4116.5
2022-05-27 07:07:00,4116.5,4116.5,4112.0,4112.75
2022-05-27 07:08:00,4113.0,4114.5,4110.75,4114.25
2022-05-27 07:09:00,4114.25,4115.75,4114.0,4114.75
2022-05-27 07:10:00,4115.0,4117.75,4113.5,4116.25
2022-05-27 07:11:00,4116.25,4120.25,4115.5,4119.0
2022-05-27 07:12:00,4118.75,4119.0,4115.25,4117.0
2022-05-27 07:13:00,4116.75,4117.0,4115.25,4116.25
2022-05-27 07:14:00,4116.0,4119.75,4115.5,4118.0
2022-05-27 07:15:00,4118.0,4119.5,4118.0,4119.25
2022-05-27 07:16:00,4119.25,4123.5,4118.75,4118.75
2022-05-27 07:17:00,4118.75,4121.25,4118.5,4119.75
2022-05-27 07:18:00,4119.75,4121.0,4118.0,4120.5
2022-05-27 07:19:00,4120.75,4121.0,4118.25,4120.75
2022-05-27 07:20:00,4120.75,4122.25,4120.0,4121.5
2022-05-27 07:21:00,4121.5,4123.0,4120.75,4122.25
2022-05-27 07:22:00,4122.25,4124.5,4121.0,4124.25
2022-05-27 07:23:00,4124.25,4125.5,4123.0,4125.25
2022-05-27 07:24:00,4125.5,4126.0,4123.0,4123.25
2022-05-27 07:25:00,4123.5,4124.0,4120.0,4121.75
2022-05-27 07:26:00,4122.0,4122.25,4120.25,4121.0
2022-05-27 07:27:00,4121.0,4122.0,4120.75,4121.5
2022-05-27 07:28:00,4121.25,4122.0,4120.5,4121.5
2022-05-27 07:29:00,4121.5,4121.75,4118.75,4119.5
2022-05-27 07:30:00,4119.75,4122.25,4119.5,4122.0
2022-05-27 07:31:00,4122.25,4122.5,4120.5,4122.0
2022-05-27 07:32:00,4122.0,4123.75,4121.5,4123.0
2022-05-27 07:33:00,4122.75,4122.75,4120.25,4122.0
2022-05-27 07:34:00,4122.25,4122.25,4119.5,4120.5
2022-05-27 07:35:00,4120.75,4122.75,4120.0,4122.0
2022-05-27 07:36:00,4122.0,4123.25,4121.5,4122.25
2022-05-27 07:37:00,4122.25,4122.5,4120.25,4122.0
2022-05-27 07:38:00,4122.25,4122.75,4120.75,4121.75
2022-05-27 07:39:00,4121.75,4122.0,4119.0,4120.25
2022-05-27 07:40:00,4120.0,4120.5,4116.75,4117.25
2022-05-27 07:41:00,4117.25,4118.75,4116.75,4117.75
2022-05-27 07:42:00,4118.0,4119.0,4117.0,4117.0
2022-05-27 07:43:00,4117.0,4118.0,4114.75,4117.5
2022-05-27 07:44:00,4117.5,4119.0,4116.5,4117.5
2022-05-27 07:45:00,4117.75,4118.25,4115.25,4115.25
2022-05-27 07:46:00,4115.25,4116.5,4113.5,4114.0
2022-05-27 07:47:00,4114.0,4115.75,4113.5,4115.5
2022-05-27 07:48:00,4115.75,4118.25,4115.75,4118.0
2022-05-27 07:49:00,4118.0,4119.0,4117.5,4118.5
2022-05-27 07:50:00,4118.5,4119.75,4117.75,4119.75
2022-05-27 07:51:00,4119.75,4120.0,4117.0,4118.5
2022-05-27 07:52:00,4118.75,4119.5,4116.5,4116.75
2022-05-27 07:53:00,4117.0,4119.0,4116.25,4117.25
2022-05-27 07:54:00,4117.25,4118.75,4116.25,4118.0
2022-05-27 07:55:00,4118.25,4119.25,4116.25,4116.25
2022-05-27 07:56:00,4116.25,4116.75,4114.25,4114.5
2022-05-27 07:57:00,4114.25,4116.25,4113.5,4115.25
2022-05-27 07:58:00,4115.5,4115.5,4111.75,4113.0
2022-05-27 07:59:00,4112.75,4113.0,4111.25,4112.25
2022-05-27 08:00:00,4112.25,4114.5,4112.0,4113.0
2022-05-27 08:01:00,4113.0,4113.5,4110.25,4110.75
2022-05-27 08:02:00,4110.75,4111.5,4108.25,4108.5
2022-05-27 08:03:00,4108.5,4112.5,4108.0,4112.5
2022-05-27 08:04:00,4112.5,4114.25,4110.75,4111.25
2022-05-27 08:05:00,4111.25,4113.0,4109.75,4113.0
2022-05-27 08:06:00,4112.75,4115.75,4112.5,4115.25
2022-05-27 08:07:00,4115.25,4115.5,4114.25,4115.5
2022-05-27 08:08:00,4115.25,4116.25,4114.0,4115.5
2022-05-27 08:09:00,4115.5,4116.25,4113.5,4116.25
2022-05-27 08:10:00,4116.25,4117.5,4114.75,4117.0
2022-05-27 08:11:00,4117.0,4119.0,4116.75,4118.75
2022-05-27 08:12:00,4118.75,4120.5,4118.5,4119.5
2022-05-27 08:13:00,4119.5,4120.5,4119.0,4120.0
2022-05-27 08:14:00,4119.75,4120.25,4118.25,4120.25
2022-05-27 08:15:00,4120.0,4120.75,4118.5,4120.5
2022-05-27 08:16:00,4120.5,4122.75,4120.5,4122.5
2022-05-27 08:17:00,4122.5,4124.0,4121.5,4122.25
2022-05-27 08:18:00,4122.25,4122.5,4120.5,4122.25
2022-05-27 08:19:00,4122.25,4123.0,4121.5,4122.0
2022-05-27 08:20:00,4122.0,4122.5,4120.5,4121.25
2022-05-27 08:21:00,4121.0,4124.25,4121.0,4123.5
2022-05-27 08:22:00,4123.25,4124.0,4122.75,4124.0
2022-05-27 08:23:00,4124.0,4124.0,4122.25,4122.75
2022-05-27 08:24:00,4122.5,4123.25,4121.75,4121.75
2022-05-27 08:25:00,4122.0,4122.75,4119.25,4121.0
2022-05-27 08:26:00,4120.75,4121.5,4118.5,4118.75
2022-05-27 08:27:00,4119.0,4120.75,4118.5,4120.25
2022-05-27 08:28:00,4120.5,4121.25,4119.75,4120.0
2022-05-27 08:29:00,4120.25,4122.0,4120.0,4121.25
2022-05-27 08:30:00,4121.5,4122.5,4120.5,4122.25
2022-05-27 08:31:00,4122.25,4123.0,4120.5,4122.25
2022-05-27 08:32:00,4122.0,4123.75,4122.0,4123.75
2022-05-27 08:33:00,4123.75,4124.5,4122.75,4124.5
2022-05-27 08:34:00,4124.5,4124.5,4122.0,4122.75
2022-05-27 08:35:00,4123.0,4123.75,4121.25,4123.5
2022-05-27 08:36:00,4123.5,4123.75,4120.0,4120.25
2022-05-27 08:37:00,4120.25,4121.0,4119.0,4120.5
2022-05-27 08:38:00,4120.25,4122.25,4120.25,4122.0
2022-05-27 08:39:00,4121.75,4122.75,4121.25,4121.25
2022-05-27 08:40:00,4121.25,4122.5,4120.5,4122.5
2022-05-27 08:41:00,4122.5,4123.75,4121.25,4123.75
2022-05-27 08:42:00,4123.75,4126.75,4123.0,4125.5
2022-05-27 08:43:00,4125.5,4127.75,4125.5,4127.5
2022-05-27 08:44:00,4127.5,4128.0,4125.0,4125.25
2022-05-27 08:45:00,4125.0,4127.25,4124.25,4126.75
2022-05-27 08:46:00,4127.0,4128.75,4126.5,4128.25
2022-05-27 08:47:00,4128.25,4128.75,4127.25,4127.75
2022-05-27 08:48:00,4128.0,4129.0,4127.0,4127.5
2022-05-27 08:49:00,4127.75,4129.25,4126.25,4127.75
2022-05-27 08:50:00,4128.0,4129.5,4127.75,4128.0
2022-05-27 08:51:00,4128.0,4128.75,4126.75,4128.5
2022-05-27 08:52:00,4128.75,4129.5,4127.75,4127.75
2022-05-27 08:53:00,4127.75,4128.75,4126.75,4127.5
2022-05-27 08:54:00,4127.25,4128.75,4126.5,4127.0
2022-05-27 08:55:00,4127.25,4128.5,4126.5,4128.25
2022-05-27 08:56:00,4128.25,4128.25,4126.5,4126.75
2022-05-27 08:57:00,4126.75,4127.25,4125.75,4126.5
2022-05-27 08:58:00,4126.5,4128.25,4126.5,4127.75
2022-05-27 08:59:00,4127.5,4128.25,4127.25,4128.0
2022-05-27 09:00:00,4128.25,4130.25,4128.0,4129.75
2022-05-27 09:01:00,4129.5,4131.5,4129.25,4131.25
2022-05-27 09:02:00,4131.25,4131.5,4129.75,4131.0
2022-05-27 09:03:00,4131.0,4131.75,4130.0,4131.0
2022-05-27 09:04:00,4130.75,4131.5,4129.75,4130.0
2022-05-27 09:05:00,4130.25,4130.75,4129.75,4129.75
2022-05-27 09:06:00,4130.0,4130.5,4128.0,4128.0
2022-05-27 09:07:00,4128.0,4128.25,4127.25,4128.0
2022-05-27 09:08:00,4128.25,4128.75,4127.25,4127.25
2022-05-27 09:09:00,4127.5,4129.25,4127.5,4128.75
2022-05-27 09:10:00,4129.0,4129.75,4128.5,4129.5
2022-05-27 09:11:00,4129.5,4131.5,4129.25,4131.25
2022-05-27 09:12:00,4131.0,4132.0,4130.25,4131.75
2022-05-27 09:13:00,4131.75,4131.75,4129.75,4129.75
2022-05-27 09:14:00,4129.5,4131.75,4129.5,4130.75
2022-05-27 09:15:00,4131.0,4131.0,4129.25,4129.75
2022-05-27 09:16:00,4129.5,4130.0,4128.25,4129.0
2022-05-27 09:17:00,4128.75,4129.25,4126.75,4127.25
2022-05-27 09:18:00,4127.25,4127.75,4126.5,4126.75
2022-05-27 09:19:00,4126.5,4127.5,4125.0,4127.5
2022-05-27 09:20:00,4127.5,4128.25,4125.0,4125.0
2022-05-27 09:21:00,4125.0,4127.0,4125.0,4126.25
2022-05-27 09:22:00,4126.5,4127.25,4124.5,4125.25
2022-05-27 09:23:00,4125.25,4125.25,4124.25,4124.5
2022-05-27 09:24:00,4124.5,4125.25,4123.25,4123.75
2022-05-27 09:25:00,4123.75,4125.0,4122.5,4124.75
2022-05-27 09:26:00,4125.0,4126.0,4124.5,4125.25
2022-05-27 09:27:00,4125.25,4126.75,4125.0,4126.5
2022-05-27 09:28:00,4126.25,4127.25,4126.25,4126.25
2022-05-27 09:29:00,4126.25,4127.25,4125.5,4126.75
2022-05-27 09:30:00,4126.5,4127.0,4124.75,4126.25
2022-05-27 09:31:00,4126.25,4127.25,4125.5,4127.0
2022-05-27 09:32:00,4127.0,4127.75,4125.75,4126.25
2022-05-27 09:33:00,4126.25,4126.5,4124.5,4125.0
2022-05-27 09:34:00,4125.0,4125.75,4124.0,4124.5
2022-05-27 09:35:00,4124.5,4124.75,4122.0,4122.75
2022-05-27 09:36:00,4122.75,4125.25,4121.75,4125.0
2022-05-27 09:37:00,4124.75,4126.5,4124.5,4125.5
2022-05-27 09:38:00,4125.5,4125.75,4124.25,4124.75
2022-05-27 09:39:00,4125.0,4125.75,4124.75,4125.25
2022-05-27 09:40:00,4125.0,4125.75,4124.5,4125.5
2022-05-27 09:41:00,4125.75,4127.5,4125.25,4126.25
2022-05-27 09:42:00,4126.5,4127.25,4126.0,4126.0
2022-05-27 09:43:00,4126.0,4127.0,4126.0,4127.0
2022-05-27 09:44:00,4127.0,4127.0,4126.25,4126.25
2022-05-27 09:45:00,4126.5,4126.75,4124.25,4124.75
2022-05-27 09:46:00,4124.5,4126.75,4124.5,4126.0
2022-05-27 09:47:00,4126.25,4126.25,4125.25,4125.75
2022-05-27 09:48:00,4125.75,4125.75,4124.0,4124.5
2022-05-27 09:49:00,4124.5,4124.5,4122.25,4122.25
2022-05-27 09:50:00,4122.25,4123.25,4121.0,4121.25
2022-05-27 09:51:00,4121.25,4123.5,4121.25,4123.25
2022-05-27 09:52:00,4123.25,4124.5,4122.75,4123.75
2022-05-27 09:53:00,4123.75,4125.5,4123.75,4125.0
2022-05-27 09:54:00,4125.0,4126.75,4125.0,4126.5
2022-05-27 09:55:00,4126.25,4128.5,4126.0,4127.5
2022-05-27 09:56:00,4127.25,4127.5,4126.0,4127.25
2022-05-27 09:57:00,4127.25,4128.75,4127.0,4127.75
2022-05-27 09:58:00,4127.75,4128.75,4127.0,4128.25
2022-05-27 09:59:00,4128.0,4129.0,4126.75,4127.25
2022-05-27 10:00:00,4127.25,4127.75,4126.25,4127.5
2022-05-27 10:01:00,4127.25,4128.75,4127.25,4128.5
2022-05-27 10:02:00,4128.5,4128.75,4126.5,4126.75
2022-05-27 10:03:00,4127.0,4128.75,4125.75,4128.75
2022-05-27 10:04:00,4128.75,4129.5,4128.25,4128.75
2022-05-27 10:05:00,4129.0,4129.5,4128.0,4128.25
2022-05-27 10:06:00,4128.25,4129.0,4127.5,4129.0
2022-05-27 10:07:00,4128.75,4129.25,4128.0,4128.75
2022-05-27 10:08:00,4129.0,4130.75,4129.0,4129.25
2022-05-27 10:09:00,4129.25,4131.0,4129.0,4130.75
2022-05-27 10:10:00,4130.5,4131.25,4129.75,4130.0
2022-05-27 10:11:00,4130.0,4130.5,4128.0,4128.25
2022-05-27 10:12:00,4128.5,4130.0,4127.25,4129.25
2022-05-27 10:13:00,4129.25,4129.75,4129.0,4129.5
2022-05-27 10:14:00,4129.75,4130.0,4128.5,4129.0
2022-05-27 10:15:00,4129.0,4129.5,4128.0,4128.25
2022-05-27 10:16:00,4128.5,4128.5,4127.0,4128.25
2022-05-27 10:17:00,4128.5,4128.75,4128.0,4128.0
2022-05-27 10:18:00,4128.25,4129.25,4128.0,4128.25
2022-05-27 10:19:00,4128.5,4129.75,4128.25,4129.25
2022-05-27 10:20:00,4129.25,4129.75,4128.75,4129.25
2022-05-27 10:21:00,4129.5,4129.5,4127.5,4127.75
2022-05-27 10:22:00,4127.75,4128.5,4127.25,4127.5
2022-05-27 10:23:00,4127.25,4127.75,4125.0,4125.5
2022-05-27 10:24:00,4125.25,4127.5,4125.25,4127.0
2022-05-27 10:25:00,4127.0,4127.5,4125.75,4125.75
2022-05-27 10:26:00,4125.5,4126.75,4125.0,4126.5
2022-05-27 10:27:00,4126.5,4126.5,4125.25,4125.25
2022-05-27 10:28:00,4125.25,4126.75,4124.75,4126.5
2022-05-27 10:29:00,4126.5,4127.75,4126.5,4126.75
2022-05-27 10:30:00,4126.75,4128.75,4126.75,4128.5
2022-05-27 10:31:00,4128.25,4129.25,4127.75,4127.75
2022-05-27 10:32:00,4127.75,4128.5,4127.25,4127.5
2022-05-27 10:33:00,4127.5,4127.5,4126.75,4127.5
2022-05-27 10:34:00,4127.5,4127.5,4125.0,4125.5
2022-05-27 10:35:00,4125.5,4126.0,4124.25,4125.0
2022-05-27 10:36:00,4125.0,4126.25,4124.75,4126.25
2022-05-27 10:37:00,4126.25,4127.0,4124.75,4125.25
2022-05-27 10:38:00,4125.25,4125.25,4124.25,4124.75
2022-05-27 10:39:00,4124.75,4125.75,4123.5,4123.5
2022-05-27 10:40:00,4123.75,4124.0,4122.25,4123.0
2022-05-27 10:41:00,4123.0,4124.5,4122.5,4123.75
2022-05-27 10:42:00,4123.75,4124.0,4123.0,4123.5
2022-05-27 10:43:00,4123.75,4124.75,4122.25,4122.5
2022-05-27 10:44:00,4122.5,4124.0,4122.25,4122.75
2022-05-27 10:45:00,4122.75,4124.0,4122.0,4124.0
2022-05-27 10:46:00,4124.0,4124.5,4123.0,4123.0
2022-05-27 10:47:00,4123.0,4124.5,4123.0,4124.25
2022-05-27 10:48:00,4124.25,4124.75,4123.75,4124.25
2022-05-27 10:49:00,4124.5,4124.75,4123.25,4124.0
2022-05-27 10:50:00,4123.75,4124.75,4123.25,4124.0
2022-05-27 10:51:00,4124.0,4125.75,4124.0,4124.25
2022-05-27 10:52:00,4124.0,4125.25,4123.75,4124.75
2022-05-27 10:53:00,4124.75,4125.5,4124.5,4125.25
2022-05-27 10:54:00,4125.5,4125.75,4124.25,4125.0
2022-05-27 10:55:00,4125.25,4125.5,4123.5,4124.0
2022-05-27 10:56:00,4123.75,4125.75,4123.75,4125.5
2022-05-27 10:57:00,4125.5,4126.0,4124.5,4125.5
2022-05-27 10:58:00,4125.75,4125.75,4124.0,4124.75
2022-05-27 10:59:00,4124.75,4125.75,4124.25,4125.5
2022-05-27 11:00:00,4125.75,4125.75,4123.75,4124.0
2022-05-27 11:01:00,4123.75,4125.0,4123.0,4125.0
2022-05-27 11:02:00,4124.75,4125.25,4123.75,4124.25
2022-05-27 11:03:00,4124.5,4125.25,4123.75,4125.0
2022-05-27 11:04:00,4125.25,4126.5,4124.5,4125.25
2022-05-27 11:05:00,4125.5,4125.5,4123.75,4124.0
2022-05-27 11:06:00,4123.75,4124.0,4122.5,4123.25
2022-05-27 11:07:00,4123.25,4123.75,4123.0,4123.75
2022-05-27 11:08:00,4123.75,4125.5,4123.25,4125.5
2022-05-27 11:09:00,4125.5,4127.5,4125.25,4127.5
2022-05-27 11:10:00,4127.5,4128.0,4127.0,4127.25
2022-05-27 11:11:00,4127.5,4127.5,4125.75,4126.75
2022-05-27 11:12:00,4126.5,4127.0,4126.0,4126.75
2022-05-27 11:13:00,4127.0,4127.5,4126.75,4127.0
2022-05-27 11:14:00,4127.0,4127.0,4126.0,4126.5
2022-05-27 11:15:00,4126.5,4127.75,4126.25,4127.5
2022-05-27 11:16:00,4127.25,4129.25,4127.25,4129.25
2022-05-27 11:17:00,4129.25,4129.25,4127.5,4127.75
2022-05-27 11:18:00,4127.5,4128.25,4127.0,4128.0
2022-05-27 11:19:00,4128.0,4129.5,4127.75,4129.25
2022-05-27 11:20:00,4129.25,4129.75,4128.0,4128.75
2022-05-27 11:21:00,4129.0,4129.75,4128.75,4129.5
2022-05-27 11:22:00,4129.5,4129.75,4129.0,4129.25
2022-05-27 11:23:00,4129.5,4130.0,4129.25,4129.5
2022-05-27 11:24:00,4129.5,4130.0,4129.25,4129.75
2022-05-27 11:25:00,4129.75,4130.0,4128.75,4129.0
2022-05-27 11:26:00,4129.25,4129.5,4128.75,4129.0
2022-05-27 11:27:00,4129.0,4129.25,4127.5,4127.5
2022-05-27 11:28:00,4127.5,4128.5,4127.25,4127.5
2022-05-27 11:29:00,4127.5,4128.5,4127.5,4128.0
2022-05-27 11:30:00,4128.25,4129.25,4128.0,4128.75
2022-05-27 11:31:00,4128.75,4129.75,4128.5,4128.5
2022-05-27 11:32:00,4128.75,4129.75,4128.25,4129.25
2022-05-27 11:33:00,4129.25,4129.75,4128.25,4129.25
2022-05-27 11:34:00,4129.0,4129.75,4128.25,4129.5
2022-05-27 11:35:00,4129.5,4130.75,4129.0,4130.5
2022-05-27 11:36:00,4130.5,4130.75,4129.25,4130.25
2022-05-27 11:37:00,4130.25,4130.75,4130.0,4130.75
2022-05-27 11:38:00,4130.75,4132.25,4130.5,4132.0
2022-05-27 11:39:00,4132.0,4132.25,4127.5,4129.0
2022-05-27 11:40:00,4129.0,4130.75,4128.5,4129.25
2022-05-27 11:41:00,4129.25,4129.75,4127.0,4127.5
2022-05-27 11:42:00,4127.5,4129.25,4126.75,4129.0
2022-05-27 11:43:00,4128.75,4130.0,4128.5,4129.75
2022-05-27 11:44:00,4129.5,4131.25,4129.5,4130.5
2022-05-27 11:45:00,4130.75,4132.25,4130.75,4131.5
2022-05-27 11:46:00,4131.25,4132.0,4130.0,4130.5
2022-05-27 11:47:00,4130.25,4131.0,4129.75,4130.5
2022-05-27 11:48:00,4130.75,4131.5,4130.0,4131.25
2022-05-27 11:49:00,4131.25,4132.0,4129.75,4131.75
2022-05-27 11:50:00,4131.75,4131.75,4131.0,4131.5
2022-05-27 11:51:00,4131.5,4132.0,4130.5,4131.5
2022-05-27 11:52:00,4131.5,4134.25,4130.75,4133.5
2022-05-27 11:53:00,4133.5,4133.5,4131.5,4131.75
2022-05-27 11:54:00,4131.75,4132.0,4130.25,4131.5
2022-05-27 11:55:00,4131.75,4133.5,4131.75,4133.5
2022-05-27 11:56:00,4133.5,4134.0,4133.25,4134.0
2022-05-27 11:57:00,4133.75,4134.75,4133.0,4134.75
2022-05-27 11:58:00,4134.75,4135.25,4133.75,4134.5
2022-05-27 11:59:00,4134.75,4135.0,4133.75,4134.25
2022-05-27 12:00:00,4134.25,4134.75,4133.5,4134.5
2022-05-27 12:01:00,4134.5,4137.75,4134.25,4135.0
2022-05-27 12:02:00,4135.25,4135.5,4133.0,4133.25
2022-05-27 12:03:00,4133.5,4136.0,4133.25,4136.0
2022-05-27 12:04:00,4135.75,4137.5,4135.75,4137.5
2022-05-27 12:05:00,4137.5,4140.75,4137.0,4140.5
2022-05-27 12:06:00,4140.5,4142.25,4140.25,4140.75
2022-05-27 12:07:00,4140.75,4142.75,4140.75,4142.5
2022-05-27 12:08:00,4142.5,4143.5,4142.0,4143.25
2022-05-27 12:09:00,4143.5,4143.75,4142.5,4143.0
2022-05-27 12:10:00,4143.0,4143.75,4140.5,4141.5
2022-05-27 12:11:00,4141.25,4142.75,4140.75,4141.25
2022-05-27 12:12:00,4141.5,4142.75,4141.0,4142.25
2022-05-27 12:13:00,4142.0,4143.0,4142.0,4142.75
2022-05-27 12:14:00,4143.0,4143.0,4141.75,4142.75
2022-05-27 12:15:00,4142.75,4143.5,4140.75,4141.25
2022-05-27 12:16:00,4141.25,4141.75,4140.0,4141.5
2022-05-27 12:17:00,4141.5,4141.75,4140.0,4141.25
2022-05-27 12:18:00,4141.0,4143.0,4140.0,4142.25
2022-05-27 12:19:00,4142.25,4143.75,4141.75,4143.5
2022-05-27 12:20:00,4143.5,4144.5,4142.75,4143.75
2022-05-27 12:21:00,4143.75,4144.0,4142.25,4142.5
2022-05-27 12:22:00,4142.5,4145.0,4142.5,4144.5
2022-05-27 12:23:00,4144.75,4146.0,4144.5,4145.5
2022-05-27 12:24:00,4145.5,4146.75,4144.75,4146.0
2022-05-27 12:25:00,4146.25,4147.75,4146.0,4147.5
2022-05-27 12:26:00,4147.5,4147.75,4146.5,4147.0
2022-05-27 12:27:00,4147.0,4147.25,4146.5,4146.5
2022-05-27 12:28:00,4146.75,4147.75,4146.5,4147.25
2022-05-27 12:29:00,4147.25,4148.0,4146.25,4146.75
2022-05-27 12:30:00,4146.5,4148.5,4146.25,4147.25
2022-05-27 12:31:00,4147.25,4148.5,4147.25,4148.0
2022-05-27 12:32:00,4148.0,4148.75,4147.75,4148.25
2022-05-27 12:33:00,4148.5,4148.75,4145.5,4146.25
2022-05-27 12:34:00,4146.0,4146.75,4145.0,4145.25
2022-05-27 12:35:00,4145.25,4145.25,4142.0,4142.0
2022-05-27 12:36:00,4142.0,4144.0,4140.0,4140.75
2022-05-27 12:37:00,4140.5,4141.75,4140.0,4141.25
2022-05-27 12:38:00,4141.25,4142.75,4139.25,4142.75
2022-05-27 12:39:00,4142.75,4143.25,4141.75,4142.0
2022-05-27 12:40:00,4141.75,4142.25,4140.25,4142.0
2022-05-27 12:41:00,4142.0,4143.0,4141.25,4142.25
2022-05-27 12:42:00,4142.5,4145.5,4142.0,4144.75
2022-05-27 12:43:00,4144.5,4146.5,4144.0,4146.5
2022-05-27 12:44:00,4146.25,4147.0,4144.75,4147.0
2022-05-27 12:45:00,4146.75,4147.25,4144.5,4145.0
2022-05-27 12:46:00,4144.75,4145.0,4142.0,4143.25
2022-05-27 12:47:00,4143.0,4143.5,4142.0,4143.0
2022-05-27 12:48:00,4143.0,4143.25,4142.25,4142.5
2022-05-27 12:49:00,4142.5,4143.5,4140.0,4143.25
2022-05-27 12:50:00,4143.25,4147.5,4141.75,4141.75
2022-05-27 12:51:00,4142.0,4143.5,4140.0,4143.25
2022-05-27 12:52:00,4143.5,4144.0,4140.0,4140.5
2022-05-27 12:53:00,4140.5,4143.5,4139.25,4143.25
2022-05-27 12:54:00,4143.25,4147.75,4143.0,4146.5
2022-05-27 12:55:00,4146.25,4149.0,4146.25,4149.0
2022-05-27 12:56:00,4148.75,4151.5,4148.75,4151.5
2022-05-27 12:57:00,4151.25,4153.25,4151.25,4152.0
2022-05-27 12:58:00,4152.0,4153.75,4150.75,4152.25
2022-05-27 12:59:00,4152.25,4157.0,4151.25,4156.75
2022-05-27 13:00:00,4156.75,4158.25,4155.0,4155.25
2022-05-27 13:01:00,4155.25,4156.25,4153.25,4155.5
2022-05-27 13:02:00,4155.75,4156.0,4154.5,4155.25
2022-05-27 13:03:00,4155.25,4156.5,4154.75,4156.5
2022-05-27 13:04:00,4156.25,4156.75,4155.25,4155.75
2022-05-27 13:05:00,4155.75,4156.0,4155.0,4155.25
2022-05-27 13:06:00,4155.0,4156.0,4154.75,4155.75
2022-05-27 13:07:00,4155.75,4157.5,4155.75,4157.25
2022-05-27 13:08:00,4157.25,4158.0,4156.25,4157.5
2022-05-27 13:09:00,4157.75,4160.5,4157.25,4159.75
2022-05-27 13:10:00,4159.75,4162.25,4159.0,4160.0
2022-05-27 13:11:00,4160.0,4161.0,4160.0,4160.5
2022-05-27 13:12:00,4160.5,4161.25,4160.25,4161.25
2022-05-27 13:13:00,4161.25,4161.25,4159.5,4160.5
2022-05-27 13:14:00,4160.5,4161.5,4160.0,4160.5
2022-05-27 13:15:00,4160.75,4161.5,4160.25,4160.75
2022-05-27 13:16:00,4160.75,4163.5,4160.25,4162.25
2022-05-27 13:17:00,4162.25,4162.75,4161.5,4161.75
2022-05-27 13:18:00,4161.75,4161.75,4160.25,4160.75
2022-05-27 13:19:00,4160.5,4162.75,4160.0,4160.5
2022-05-27 13:20:00,4160.5,4161.5,4160.25,4161.0
2022-05-27 13:21:00,4161.0,4161.25,4160.5,4161.0
2022-05-27 13:22:00,4161.0,4162.25,4161.0,4162.25
2022-05-27 13:23:00,4162.0,4162.5,4162.0,4162.0
2022-05-27 13:24:00,4162.0,4162.5,4160.75,4162.0
2022-05-27 13:25:00,4162.0,4162.5,4162.0,4162.5
2022-05-27 13:26:00,4162.25,4163.0,4162.0,4163.0
2022-05-27 13:27:00,4163.0,4163.25,4162.25,4163.25
2022-05-27 13:28:00,4163.25,4164.75,4163.0,4163.5
2022-05-27 13:29:00,4163.5,4165.75,4163.5,4165.25
2022-05-27 13:30:00,4165.0,4166.75,4164.75,4165.75
2022-05-27 13:31:00,4165.75,4166.5,4165.5,4165.5
2022-05-27 13:32:00,4165.5,4165.75,4165.0,4165.25
2022-05-27 13:33:00,4165.25,4166.75,4165.25,4166.25
2022-05-27 13:34:00,4166.25,4166.75,4166.0,4166.75
2022-05-27 13:35:00,4166.5,4167.0,4166.25,4166.25
2022-05-27 13:36:00,4166.25,4168.25,4166.0,4168.0
2022-05-27 13:37:00,4168.0,4168.0,4167.5,4168.0
2022-05-27 13:38:00,4167.75,4168.0,4167.5,4167.5
2022-05-27 13:39:00,4167.5,4167.75,4166.75,4167.0
